name,ecosystem
express,npm
fresh,npm
send,npm
debug,npm
cookie,npm
mkdirp,npm
buffer-crc32,npm
methods,npm
range-parser,npm
connect,npm
merge-descriptors,npm
cookie-signature,npm
mime,npm
commander,npm
ms,npm
qs,npm
formidable,npm
webpack,npm
esprima,npm
watchpack,npm
memory-fs,npm
clone,npm
interpret,npm
async,npm
tapable,npm
loader-utils,npm
json5,npm
graceful-fs,npm
chokidar,npm
minimist,npm
optimist,npm
webpack-core,npm
uglify-js,npm
source-map,npm
requirejs,npm
node-libs-browser,npm
supports-color,npm
vm-browserify,npm
console-browserify,npm
enhanced-resolve,npm
has-flag,npm
buffer-browserify,npm
zlib-browserify,npm
crypto-browserify,npm
http-browserify,npm
date-now,npm
base64-js,npm
jest,npm
jest-cli,npm
pify,npm
slash,npm
is-ci,npm
which,npm
strip-ansi,npm
chalk,npm
micromatch,npm
glob,npm
yargs,npm
object.omit,npm
escape-string-regexp,npm
extglob,npm
is-glob,npm
expand-brackets,npm
ansi-regex,npm
kind-of,npm
braces,npm
ansi-styles,npm
jest-config,npm
jest-util,npm
once,npm
inherits,npm
camelcase,npm
y18n,npm
set-blocking,npm
os-locale,npm
minimatch,npm
yargs-parser,npm
cliui,npm
callsites,npm
which-module,npm
read-pkg-up,npm
color-convert,npm
expand-range,npm
jest-get-type,npm
jest-environment-jsdom,npm
lcid,npm
filename-regex,npm
brace-expansion,npm
regex-cache,npm
parse-glob,npm
arr-diff,npm
is-number,npm
concat-map,npm
balanced-match,npm
has-color,npm
find-up,npm
wrap-ansi,npm
read-pkg,npm
jsdom,npm
path-exists,npm
parse5,npm
iconv-lite,npm
whatwg-url,npm
escodegen,npm
request,npm
inflight,npm
path-is-absolute,npm
for-own,npm
isobject,npm
acorn,npm
string-width,npm
unixify,npm
require-directory,npm
pretty-format,npm
arr-union,npm
jest-mock,npm
jest-regex-util,npm
decamelize,npm
get-caller-file,npm
jest-validate,npm
array-unique,npm
invert-kv,npm
estraverse,npm
code-point-at,npm
is-fullwidth-code-point,npm
underscore,npm
jest-message-util,npm
right-align,npm
center-align,npm
repeat-string,npm
jest-resolve,npm
benchmarked,npm
array-slice,npm
glob-path-regex,npm
pinkie-promise,npm
jest-environment-node,npm
load-json-file,npm
cssom,npm
normalize-package-data,npm
array-equal,npm
nwmatcher,npm
abab,npm
webidl-conversions,npm
for-in,npm
is-builtin-module,npm
extend-shallow,npm
sax,npm
tr46,npm
cssstyle,npm
jest-jasmine2,npm
parse-json,npm
builtin-modules,npm
tough-cookie,npm
p-cancelable,npm
jest-snapshot,npm
natural-compare,npm
leven,npm
benchmark,npm
number-is-nan,npm
browser-resolve,npm
align-text,npm
ansi,npm
file-reader,npm
hosted-git-info,npm
strip-bom,npm
mixin-object,npm
acorn-globals,npm
semver,npm
jest-matcher-utils,npm
xml-name-validator,npm
symbol-tree,npm
expect,npm
jest-diff,npm
diff,npm
longest,npm
resolve,npm
map-files,npm
fs-utils,npm
require-main-filename,npm
worker-farm,npm
ansi-escapes,npm
xtend,npm
jest-runner,npm
jest-changed-files,npm
string-length,npm
node-notifier,npm
errno,npm
throat,npm
istanbul-api,npm
jest-runtime,npm
jest-haste-map,npm
js-yaml,npm
lodash,npm
istanbul-lib-instrument,npm
argparse,npm
babel-jest,npm
babel-template,npm
babel-types,npm
babel-generator,npm
jest-docblock,npm
esutils,npm
babel-runtime,npm
babel-preset-jest,npm
to-fast-properties,npm
repeating,npm
detect-indent,npm
trim-right,npm
babel-messages,npm
get-stdin,npm
shellwords,npm
growly,npm
istanbul-lib-report,npm
istanbul-lib-coverage,npm
istanbul-lib-hook,npm
meow,npm
core-js,npm
istanbul-lib-source-maps,npm
fileset,npm
istanbul-reports,npm
babel-core,npm
path-parse,npm
babylon,npm
rimraf,npm
babel-traverse,npm
sane,npm
fb-watchman,npm
convert-source-map,npm
babel-code-frame,npm
handlebars,npm
invariant,npm
anymatch,npm
globals,npm
bser,npm
underscore.string,npm
babel-plugin-istanbul,npm
fsevents,npm
is-integer,npm
test-exclude,npm
lru-cache,npm
node-pre-gyp,npm
nan,npm
is-finite,npm
arrify,npm
object-assign,npm
babel-plugin-jest-hoist,npm
tar,npm
append-transform,npm
babel-helpers,npm
exec-sh,npm
watch,npm
walker,npm
uglify-to-browserify,npm
line-numbers,npm
sigmund,npm
has-ansi,npm
js-tokens,npm
node-int64,npm
npmlog,npm
nopt,npm
makeerror,npm
merge,npm
left-pad,npm
home-or-tmp,npm
shebang-regex,npm
private,npm
source-map-support,npm
os-tmpdir,npm
regenerator,npm
user-home,npm
ast-types,npm
recast,npm
mocha,npm
growl,npm
browserify,npm
whiskey,npm
jade,npm
duplexer,npm
syntax-error,npm
through,npm
JSONStream,npm
browser-pack,npm
module-deps,npm
insert-module-globals,npm
write-file-atomic,npm
imurmurhash,npm
json-stable-stringify,npm
jsonify,npm
slide,npm
jest-resolve-dependencies,npm
eslint,npm
levn,npm
ignore,npm
espree,npm
prelude-ls,npm
acorn-jsx,npm
table,npm
escope,npm
type-check,npm
esrecurse,npm
es6-weak-map,npm
d,npm
es6-iterator,npm
ansi-slice,npm
tv4,npm
es6-map,npm
bluebird,npm
xregexp,npm
es6-set,npm
time-uuid,npm
es5-ext,npm
es6-symbol,npm
splice-string,npm
event-emitter,npm
microtime-x,npm
microtime,npm
shelljs,npm
progress,npm
doctrine,npm
pluralize,npm
os-homedir,npm
optionator,npm
inquirer,npm
isarray,npm
deep-is,npm
text-table,npm
levenshtein-damerau,npm
wordwrap,npm
charm,npm
strip-json-comments,npm
require-uncached,npm
resolve-from,npm
caller-path,npm
concat-stream,npm
file-entry-cache,npm
is-my-json-valid,npm
is-resolvable,npm
path-is-inside,npm
jsonpointer,npm
generate-object-property,npm
flat-cache,npm
generate-function,npm
tryit,npm
write,npm
read-json-sync,npm
react-scripts,npm
run-async,npm
dotenv,npm
mute-stream,npm
cli-width,npm
cli-cursor,npm
lodash.assign,npm
figures,npm
readdirp,npm
glob-parent,npm
is-binary-path,npm
async-each,npm
is-promise,npm
ajv,npm
restore-cursor,npm
lodash.keys,npm
binary-extensions,npm
co,npm
onetime,npm
signal-exit,npm
mimic-fn,npm
json-loader,npm
fs-extra,npm
promise,npm
window-size,npm
promise-resolver,npm
universalify,npm
jsonfile,npm
p-map,npm
jest-matchers,npm
rx,npm
css-loader,npm
lodash.rest,npm
csso,npm
lodash._createassigner,npm
lodash._baseassign,npm
readable-stream,npm
lodash._isiterateecall,npm
lodash.isarguments,npm
acorn-dynamic-import,npm
ajv-keywords,npm
url,npm
loader-runner,npm
assert,npm
string_decoder,npm
events,npm
punycode,npm
buffer,npm
webpack-sources,npm
in-publish,npm
domain-browser,npm
source-list-map,npm
ieee754,npm
asap,npm
nextback,npm
external-editor,npm
tmp,npm
extend,npm
lodash._basecopy,npm
lodash.isnative,npm
json-stream,npm
lodash._bindcallback,npm
lodash.support,npm
lodash.isarray,npm
util,npm
os-browserify,npm
stream-http,npm
process,npm
builtin-status-codes,npm
querystring,npm
events.node,npm
https-browserify,npm
stream-browserify,npm
core-util-is,npm
constants-browserify,npm
tty-browserify,npm
ripemd160,npm
querystring-es3,npm
sha.js,npm
util-deprecate,npm
process-nextick-args,npm
path-browserify,npm
timers-browserify,npm
browserify-zlib,npm
convert-string,npm
convert-hex,npm
native-buffer-browserify,npm
pako,npm
setimmediate,npm
style-loader,npm
whatwg-fetch,npm
cross-spawn,npm
postcss-loader,npm
yallist,npm
file-loader,npm
autoprefixer,npm
schema-utils,npm
postcss-load-config,npm
big.js,npm
postcss,npm
normalize-range,npm
postcss-value-parser,npm
browserslist,npm
fast-json-stable-stringify,npm
json-schema-traverse,npm
fast-deep-equal,npm
cosmiconfig,npm
babel-loader,npm
babel-eslint,npm
url-loader,npm
path-type,npm
import-fresh,npm
json-parse-better-errors,npm
error-ex,npm
yaml,npm
eslint-loader,npm
@babel/code-frame,npm
caniuse-lite,npm
raw-loader,npm
pseudomap,npm
emojis-list,npm
num2fraction,npm
lines-and-columns,npm
find-cache-dir,npm
import-cwd,npm
parent-module,npm
pkg-dir,npm
lodash.pickby,npm
commondir,npm
common-dir,npm
electron-to-chromium,npm
@types/parse-json,npm
import-from,npm
@babel/highlight,npm
lodash.hasin,npm
lodash.topairs,npm
lodash._baseisequal,npm
lodash.get,npm
lodash._baseismatch,npm
lodash.keysin,npm
lodash._basefor,npm
wodge,npm
lodash._stack,npm
lodash._arraymap,npm
lodash._baseslice,npm
lodash._mapcache,npm
babel-preset-react-app,npm
react-dev-utils,npm
eslint-plugin-react,npm
eslint-plugin-import,npm
babel-plugin-syntax-dynamic-import,npm
babel-plugin-transform-object-rest-spread,npm
babel-plugin-transform-class-properties,npm
babel-plugin-transform-regenerator,npm
html-webpack-plugin,npm
contains-path,npm
shell-quote,npm
eslint-import-resolver-node,npm
eslint-module-utils,npm
jsx-ast-utils,npm
html-entities,npm
eslint-plugin-flowtype,npm
react-error-overlay,npm
eslint-config-react-app,npm
webpack-manifest-plugin,npm
babel-plugin-transform-react-jsx,npm
babel-plugin-transform-runtime,npm
postcss-flexbugs-fixes,npm
webpack-dev-server,npm
babel-plugin-transform-react-jsx-self,npm
babel-plugin-transform-react-constant-elements,npm
babel-preset-react,npm
babel-preset-env,npm
eslint-plugin-jsx-a11y,npm
opn,npm
babel-plugin-transform-react-jsx-source,npm
babel-plugin-dynamic-import-node,npm
address,npm
sockjs-client,npm
anser,npm
filesize,npm
sockjs,npm
compression,npm
portfinder,npm
utils-merge,npm
escape-html,npm
lodash.cond,npm
parseurl,npm
pkg-up,npm
damerau-levenshtein,npm
babel-plugin-syntax-object-rest-spread,npm
babel-plugin-syntax-trailing-function-commas,npm
babel-plugin-transform-es2015-computed-properties,npm
accepts,npm
type-is,npm
gzip-size,npm
babel-plugin-transform-flow-strip-types,npm
babel-plugin-transform-es2015-destructuring,npm
aria-query,npm
html-minifier,npm
is-wsl,npm
babel-plugin-transform-es2015-function-name,npm
babel-plugin-transform-es2015-arrow-functions,npm
babel-plugin-syntax-class-properties,npm
emoji-regex,npm
has,npm
faye-websocket,npm
eventsource,npm
negotiator,npm
jquery,npm
serve-static,npm
path-to-regexp,npm
compressible,npm
settle-promise,npm
babel-helper-builder-react-jsx,npm
serve-index,npm
babel-plugin-syntax-jsx,npm
babel-plugin-transform-es2015-block-scoped-functions,npm
babel-plugin-transform-es2015-block-scoping,npm
ast-types-flow,npm
babel-plugin-transform-es2015-duplicate-keys,npm
axobject-query,npm
babel-plugin-syntax-flow,npm
babel-plugin-transform-es2015-for-of,npm
babel-plugin-check-es2015-constants,npm
babel-plugin-transform-es2015-classes,npm
url-parse,npm
node-uuid,npm
coffee-script,npm
spdy,npm
bytes,npm
pinkie,npm
json3,npm
babel-plugin-transform-async-to-generator,npm
requires-port,npm
babel-helper-replace-supers,npm
babel-helper-define-map,npm
htmlparser,npm
mjsunit.runner,npm
babel-helper-function-name,npm
babel-helper-remap-async-to-generator,npm
batch,npm
querystringify,npm
spdy-transport,npm
babel-plugin-syntax-async-functions,npm
babel-helper-optimise-call-expression,npm
handle-thing,npm
select-hose,npm
http-deceiver,npm
babel-helper-get-function-arity,npm
babel-plugin-transform-es2015-modules-systemjs,npm
babel-plugin-transform-es2015-modules-commonjs,npm
babel-plugin-transform-es2015-typeof-symbol,npm
babel-plugin-transform-es2015-sticky-regex,npm
babel-plugin-transform-es2015-object-super,npm
fast-list,npm
should,npm
stack-frame-parser,npm
stack-frame-mapper,npm
recursive-readdir,npm
stack-frame-unmapper,npm
obuf,npm
wbuf,npm
hpack.js,npm
http-proxy-middleware,npm
babel-plugin-transform-es2015-parameters,npm
babel-plugin-transform-es2015-shorthand-properties,npm
webpack-dev-middleware,npm
babel-plugin-transform-es2015-modules-umd,npm
babel-plugin-transform-es2015-modules-amd,npm
babel-plugin-transform-es2015-literals,npm
babel-plugin-transform-es2015-spread,npm
babel-plugin-transform-es2015-template-literals,npm
babel-helper-call-delegate,npm
babel-helper-regex,npm
babel-helper-hoist-variables,npm
babel-plugin-transform-es2015-unicode-regex,npm
stack-frame,npm
stack-frame-utils,npm
connect-history-api-fallback,npm
@timer/detect-port,npm
babel-plugin-transform-exponentiation-operator,npm
regexpu,npm
regjsgen,npm
regenerate,npm
regjsparser,npm
caniuse-db,npm
babel-helper-builder-binary-assignment-operator-visitor,npm
babel-plugin-syntax-exponentiation-operator,npm
babel-helper-explode-assignable-expression,npm
jsesc,npm
extract-text-webpack-plugin,npm
case-sensitive-paths-webpack-plugin,npm
sw-precache-webpack-plugin,npm
sw-precache,npm
indent-string,npm
pretty-bytes,npm
es6-promise,npm
camelcase-keys,npm
map-obj,npm
dom-urls,npm
lodash.defaults,npm
lodash.template,npm
sw-toolbox,npm
lodash._reinterpolate,npm
lodash.templatesettings,npm
lodash.escape,npm
URIjs,npm
lodash.assigninwith,npm
serviceworker-cache-polyfill,npm
lodash.reevaluate,npm
lodash.reinterpolate,npm
lodash.reescape,npm
lodash._basetostring,npm
next,npm
etag,npm
normalize-path,npm
fill-range,npm
p-limit,npm
raw-body,npm
picomatch,npm
colorette,npm
nanoid,npm
line-column,npm
is-extglob,npm
p-try,npm
to-regex-range,npm
node.extend,npm
sharp,npm
object-keys,npm
is,npm
react-is,npm
@next/env,npm
node-fetch,npm
node-releases,npm
jest-worker,npm
@babel/runtime,npm
regenerator-runtime,npm
component-indexof,npm
glob-to-regexp,npm
prop-types,npm
styled-jsx,npm
native-url,npm
merge-stream,npm
react-refresh,npm
stylis,npm
fbjs,npm
stylis-rule-sheet,npm
string-hash,npm
@hapi/accept,npm
@hapi/boom,npm
@hapi/hoek,npm
locate-path,npm
make-dir,npm
@opentelemetry/api,npm
p-locate,npm
buffer-shims,npm
cssnano-simple,npm
node-html-parser,npm
pnp-webpack-plugin,npm
entities,npm
cssnano-preset-simple,npm
use-subscription,npm
@next/react-dev-overlay,npm
color-name,npm
@next/polyfill-module,npm
data-uri-to-buffer,npm
classnames,npm
stacktrace-parser,npm
buffer-from,npm
ally.js,npm
array.prototype.findindex,npm
css.escape,npm
platform,npm
@ampproject/toolbox-optimizer,npm
css,npm
domhandler,npm
urix,npm
domelementtype,npm
domutils,npm
htmlparser2,npm
normalize-html-whitespace,npm
terser,npm
source-map-resolve,npm
@next/react-refresh-utils,npm
dom-serializer,npm
source-map-url,npm
atob,npm
@ampproject/toolbox-script-csp,npm
@ampproject/toolbox-runtime-version,npm
@ampproject/toolbox-validator-rules,npm
@ampproject/toolbox-core,npm
cross-fetch,npm
axios,npm
follow-redirects,npm
mongoose,npm
bson,npm
mongodb,npm
muri,npm
kareem,npm
mpath,npm
sliced,npm
regexp-clone,npm
hooks-fixed,npm
mquery,npm
mpromise,npm
mongodb-core,npm
kerberos,npm
socket.io,npm
redis,npm
socket.io-client,npm
policyfile,npm
nodemailer,npm
mailcomposer,npm
directmail,npm
simplesmtp,npm
public-address,npm
he,npm
mimelib-noiconv,npm
rai,npm
xoauth2,npm
puppeteer,npm
proxy-from-env,npm
https-proxy-agent,npm
unbzip2-stream,npm
agent-base,npm
es6-promisify,npm
tar-fs,npm
ws,npm
extract-zip,npm
chownr,npm
bzip2,npm
is-array,npm
get-stream,npm
yauzl,npm
pend,npm
fd-slicer,npm
devtools-protocol,npm
tar-stream,npm
pump,npm
end-of-stream,npm
fs-constants,npm
bl,npm
safe-buffer,npm
iconv,npm
@types/yauzl,npm
@types/node,npm
@types/events,npm
sequelize,npm
depd,npm
moment,npm
inflection,npm
cls-bluebird,npm
uuid,npm
wkx,npm
dottie,npm
validator,npm
shimmer,npm
is-bluebird,npm
generic-pool,npm
moment-timezone,npm
retry-as-promised,npm
toposort-class,npm
terraformer-wkt-parser,npm
terraformer,npm
passport,npm
pkginfo,npm
body-parser,npm
on-finished,npm
media-typer,npm
ee-first,npm
jsonwebtoken,npm
jws,npm
jwa,npm
base64url,npm
buffer-equal-constant-time,npm
tap,npm
tap-global-harness,npm
tap-results,npm
yamlish,npm
tap-test,npm
tap-assert,npm
tap-producer,npm
tap-harness,npm
tap-consumer,npm
tap-runner,npm
options,npm
ultron,npm
got,npm
duplexer3,npm
url-parse-lax,npm
lowercase-keys,npm
unzip-response,npm
prepend-http,npm
is-stream,npm
is-redirect,npm
create-error-class,npm
is-retry-allowed,npm
timed-out,npm
capture-stack-trace,npm
rxjs,npm
tslib,npm
chardet,npm
typescript,npm
rollup,npm
@types/estree,npm
tailwindcss,npm
color,npm
postcss-js,npm
camelcase-css,npm
detective,npm
node-emoji,npm
object-hash,npm
html-tags,npm
color-string,npm
acorn5-object-spread,npm
defined,npm
simple-swizzle,npm
postcss-nested,npm
reduce-css-calc,npm
postcss-selector-parser,npm
indexes-of,npm
dot-prop,npm
is-obj,npm
postcss-functions,npm
pretty-hrtime,npm
normalize.css,npm
cssesc,npm
css-unit-converter,npm
uniq,npm
@fullhuman/postcss-purgecss,npm
purgecss,npm
vite,npm
esbuild,npm
prisma,npm
prisma-cli-core,npm
shebang-command,npm
globby,npm
archiver,npm
graphcool-inquirer,npm
copy-paste,npm
download-github-repo,npm
graphql,npm
prisma-cli-engine,npm
rx-lite-aggregates,npm
array-union,npm
archiver-utils,npm
walkdir,npm
rx-lite,npm
array-uniq,npm
zip-stream,npm
lazystream,npm
wget,npm
execSync,npm
cardinal,npm
compress-commons,npm
cache-require-paths,npm
temp,npm
redeyed,npm
ansicolors,npm
@types/fs-extra,npm
crc32-stream,npm
@heroku/linewrap,npm
lodash.includes,npm
lodash.once,npm
lodash.isnumber,npm
lodash.isboolean,npm
lodash.isplainobject,npm
6to5-runtime,npm
lodash.isstring,npm
klaw-sync,npm
isomorphic-fetch,npm
directory-tree,npm
lodash.ary,npm
lodash.isinteger,npm
graphql-request,npm
encoding,npm
npm-run,npm
jwt-decode,npm
lodash.differenceby,npm
node-forge,npm
multimatch,npm
lodash.before,npm
graphql-config,npm
lodash._createwrapper,npm
sync-exec,npm
npm-path,npm
serializerr,npm
lodash._arrayincludes,npm
lodash._arrayincludeswith,npm
lodash._setcache,npm
lodash._baseflatten,npm
lodash._cachehas,npm
lodash._root,npm
npm-which,npm
lodash.merge,npm
array-differ,npm
marked,npm
protochain,npm
lodash.flatten,npm
lodash.partial,npm
lodash.maxby,npm
lodash.identity,npm
lodash.uniqby,npm
lodash.groupby,npm
lodash.result,npm
lodash.property,npm
lodash._arrayeach,npm
lodash.toplainobject,npm
lodash.istypedarray,npm
lodash._arraycopy,npm
graphql-cli,npm
ora,npm
mem,npm
log-symbols,npm
cli-spinners,npm
execa,npm
babel,npm
tape,npm
object-inspect,npm
lodash.isfunction,npm
lodash._baseeach,npm
lodash._basecreate,npm
lodash.tostring,npm
lodash._replaceholders,npm
npm-paths,npm
disparity,npm
is-windows,npm
global-modules,npm
global-prefix,npm
useragent,npm
strip-eof,npm
cross-spawn-async,npm
resumer,npm
deep-equal,npm
marked-terminal,npm
replaceall,npm
memfs,npm
string,npm
scuid,npm
raven,npm
prisma-json-schema,npm
serialize-error,npm
rwlockfile,npm
json-stringify-safe,npm
stack-trace,npm
prisma-yml,npm
fs-readdir-recursive,npm
acorn-babel,npm
regenerator-babel,npm
output-file-sync,npm
express-request-proxy,npm
graphql-schema-linter,npm
graphql-playground-middleware-express,npm
js-tokenizer,npm
roadrunner,npm
url-join,npm
through2,npm
cli-table,npm
fast-extend,npm
ps-node,npm
lsmod,npm
yaml-ast-parser,npm
camel-case,npm
simple-errors,npm
colors,npm
update-notifier,npm
semver-diff,npm
xdg-basedir,npm
latest-version,npm
boxen,npm
ansi-align,npm
widest-line,npm
sentence-case,npm
ts-node,npm
string-similarity,npm
treeify,npm
configstore,npm
lazy-req,npm
is-npm,npm
cli-boxes,npm
package-json,npm
term-size,npm
registry-url,npm
is-plain-obj,npm
rc,npm
sillyname,npm
slice-ansi,npm
unzip,npm
pause,npm
yn,npm
tsconfig,npm
make-error,npm
v8flags,npm
unique-string,npm
crypto-random-string,npm
node-status-codes,npm
registry-auth-token,npm
fstream,npm
pullstream,npm
binary,npm
over,npm
chainsaw,npm
stream-buffers,npm
@floatdrop/duplexer2,npm
vows,npm
traverse,npm
eyes,npm
util.promisify,npm
define-properties,npm
object.getownpropertydescriptors,npm
foreach,npm
es-abstract,npm
@es-shims/api,npm
knex,npm
tildify,npm
generic-pool-redux,npm
liftoff,npm
findup-sync,npm
bull,npm
debuglog,npm
cron-parser,npm
ioredis,npm
redis-commands,npm
redis-parser,npm
flexbuffer,npm
cluster-key-slot,npm
denque,npm
winston,npm
isstream,npm
cycle,npm
pino,npm
split2,npm
quick-format-unescaped,npm
fast-safe-stringify,npm
flatstr,npm
fast-json-parse,npm
block-stream,npm
multer,npm
busboy,npm
dicer,npm
streamsearch,npm
cors,npm
helmet,npm
nocache,npm
helmet-crossdomain,npm
hpkp,npm
hide-powered-by,npm
ienoopen,npm
helmet-csp,npm
frameguard,npm
x-xss-protection,npm
hsts,npm
dont-sniff-mimetype,npm
arraywrap,npm
camelize,npm
