key,name,version,published
express@3.5.0,express,3.5.0,
fresh@0.0.1,fresh,0.0.1,
send@0.0.1,send,0.0.1,
debug@0.0.1,debug,0.0.1,
cookie@0.0.0,cookie,0.0.0,
mkdirp@0.0.1,mkdirp,0.0.1,
buffer-crc32@0.1.0,buffer-crc32,0.1.0,
methods@0.0.1,methods,0.0.1,
range-parser@1.0.0,range-parser,1.0.0,
connect@2.0.0,connect,2.0.0,
debug@2.2.0,debug,2.2.0,
merge-descriptors@0.0.1,merge-descriptors,0.0.1,
cookie-signature@1.0.0,cookie-signature,1.0.0,
range-parser@0.0.1,range-parser,0.0.1,
mime@1.0.0,mime,1.0.0,
commander@1.0.0,commander,1.0.0,
ms@0.1.0,ms,0.1.0,
qs@3.1.0,qs,3.1.0,
formidable@1.0.5,formidable,1.0.5,
webpack@1.12.7,webpack,1.12.7,
esprima@2.0.0,esprima,2.0.0,
watchpack@0.1.0,watchpack,0.1.0,
memory-fs@0.1.0,memory-fs,0.1.0,
clone@1.0.0,clone,1.0.0,
interpret@0.1.0,interpret,0.1.0,
async@1.0.0,async,1.0.0,
tapable@0.1.0,tapable,0.1.0,
loader-utils@0.1.0,loader-utils,0.1.0,
async@0.1.0,async,0.1.0,
json5@1.0.0,json5,1.0.0,
graceful-fs@3.0.0,graceful-fs,3.0.0,
chokidar@0.1.1,chokidar,0.1.1,
minimist@1.0.0,minimist,1.0.0,
optimist@0.0.1,optimist,0.0.1,
webpack-core@0.1.0,webpack-core,0.1.0,
uglify-js@2.2.0,uglify-js,2.2.0,
source-map@0.0.0,source-map,0.0.0,
requirejs@0.26.0,requirejs,0.26.0,
node-libs-browser@0.1.0,node-libs-browser,0.1.0,
supports-color@3.0.0,supports-color,3.0.0,
vm-browserify@0.0.0,vm-browserify,0.0.0,
console-browserify@0.1.0,console-browserify,0.1.0,
enhanced-resolve@0.2.0,enhanced-resolve,0.2.0,
has-flag@1.0.0,has-flag,1.0.0,
buffer-browserify@0.0.1,buffer-browserify,0.0.1,
zlib-browserify@0.0.1,zlib-browserify,0.0.1,
crypto-browserify@0.0.0,crypto-browserify,0.0.0,
http-browserify@0.0.0,http-browserify,0.0.0,
date-now@0.1.0,date-now,0.1.0,
base64-js@0.0.1,base64-js,0.0.1,
jest@21.0.1,jest,21.0.1,
jest-cli@21.0.0,jest-cli,21.0.0,
graceful-fs@4.1.0,graceful-fs,4.1.0,
pify@2.0.0,pify,2.0.0,
slash@1.0.0,slash,1.0.0,
is-ci@1.0.0,is-ci,1.0.0,
which@1.0.0,which,1.0.0,
strip-ansi@4.0.0,strip-ansi,4.0.0,
chalk@2.0.0,chalk,2.0.0,
supports-color@4.0.0,supports-color,4.0.0,
has-flag@2.0.0,has-flag,2.0.0,
micromatch@2.0.0,micromatch,2.0.0,
debug@2.0.0,debug,2.0.0,
glob@7.0.0,glob,7.0.0,
yargs@7.0.0,yargs,7.0.0,
object.omit@0.2.0,object.omit,0.2.0,
escape-string-regexp@1.0.0,escape-string-regexp,1.0.0,
extglob@0.1.0,extglob,0.1.0,
micromatch@1.0.0,micromatch,1.0.0,
is-glob@1.0.0,is-glob,1.0.0,
expand-brackets@0.1.0,expand-brackets,0.1.0,
ansi-regex@3.0.0,ansi-regex,3.0.0,
kind-of@1.0.0,kind-of,1.0.0,
braces@1.0.0,braces,1.0.0,
ansi-styles@3.0.0,ansi-styles,3.0.0,
jest-config@21.0.0,jest-config,21.0.0,
jest-util@21.0.0,jest-util,21.0.0,
once@1.1.1,once,1.1.1,
inherits@1.0.2,inherits,1.0.2,
camelcase@3.0.0,camelcase,3.0.0,
y18n@3.0.0,y18n,3.0.0,
set-blocking@2.0.0,set-blocking,2.0.0,
os-locale@1.0.0,os-locale,1.0.0,
minimatch@3.1.5,minimatch,3.1.5,
yargs-parser@5.0.0,yargs-parser,5.0.0,
cliui@3.0.0,cliui,3.0.0,
callsites@2.0.0,callsites,2.0.0,
which-module@1.0.0,which-module,1.0.0,
read-pkg-up@1.0.1,read-pkg-up,1.0.1,
color-convert@1.0.0,color-convert,1.0.0,
expand-range@0.1.0,expand-range,0.1.0,
jest-get-type@21.0.0,jest-get-type,21.0.0,
jest-environment-jsdom@21.0.0,jest-environment-jsdom,21.0.0,
lcid@1.0.0,lcid,1.0.0,
filename-regex@2.0.0,filename-regex,2.0.0,
brace-expansion@1.0.0,brace-expansion,1.0.0,
filename-regex@0.1.0,filename-regex,0.1.0,
regex-cache@0.1.0,regex-cache,0.1.0,
chalk@0.1.0,chalk,0.1.0,
ansi-styles@0.1.0,ansi-styles,0.1.0,
parse-glob@2.0.0,parse-glob,2.0.0,
arr-diff@1.0.0,arr-diff,1.0.0,
is-number@0.1.0,is-number,0.1.0,
concat-map@0.0.0,concat-map,0.0.0,
balanced-match@0.0.0,balanced-match,0.0.0,
has-color@0.1.0,has-color,0.1.0,
find-up@1.0.0,find-up,1.0.0,
wrap-ansi@1.0.0,wrap-ansi,1.0.0,
read-pkg@1.0.0,read-pkg,1.0.0,
jsdom@9.0.0,jsdom,9.0.0,
path-exists@2.0.0,path-exists,2.0.0,
parse5@1.0.0,parse5,1.0.0,
iconv-lite@0.1.0,iconv-lite,0.1.0,
whatwg-url@2.0.0,whatwg-url,2.0.0,
escodegen@1.0.0,escodegen,1.0.0,
esprima@1.0.0,esprima,1.0.0,
request@2.0.0,request,2.0.0,
inflight@1.0.0,inflight,1.0.0,
path-is-absolute@1.0.0,path-is-absolute,1.0.0,
for-own@0.1.0,for-own,0.1.0,
isobject@0.1.0,isobject,0.1.0,
acorn@2.0.0,acorn,2.0.0,
string-width@1.0.0,string-width,1.0.0,
strip-ansi@3.0.0,strip-ansi,3.0.0,
ansi-regex@2.0.0,ansi-regex,2.0.0,
unixify@0.1.0,unixify,0.1.0,
require-directory@2.0.0,require-directory,2.0.0,
pretty-format@21.0.0,pretty-format,21.0.0,
arr-union@1.0.0,arr-union,1.0.0,
jest-mock@21.0.0,jest-mock,21.0.0,
jest-regex-util@21.0.0,jest-regex-util,21.0.0,
decamelize@1.0.0,decamelize,1.0.0,
get-caller-file@1.0.0,get-caller-file,1.0.0,
jest-validate@21.0.0,jest-validate,21.0.0,
array-unique@0.1.1,array-unique,0.1.1,
invert-kv@1.0.0,invert-kv,1.0.0,
estraverse@1.0.0,estraverse,1.0.0,
code-point-at@1.0.0,code-point-at,1.0.0,
is-fullwidth-code-point@1.0.0,is-fullwidth-code-point,1.0.0,
underscore@1.0.3,underscore,1.0.3,
jest-message-util@21.0.0,jest-message-util,21.0.0,
right-align@0.1.0,right-align,0.1.0,
center-align@0.1.0,center-align,0.1.0,
repeat-string@0.1.0,repeat-string,0.1.0,
jest-resolve@21.0.0,jest-resolve,21.0.0,
benchmarked@0.1.0,benchmarked,0.1.0,
array-slice@0.1.0,array-slice,0.1.0,
glob-path-regex@1.0.0,glob-path-regex,1.0.0,
pinkie-promise@1.0.0,pinkie-promise,1.0.0,
jest-environment-node@21.0.0,jest-environment-node,21.0.0,
load-json-file@1.0.0,load-json-file,1.0.0,
pify@1.0.0,pify,1.0.0,
cssom@0.2.0,cssom,0.2.0,
normalize-package-data@2.0.0,normalize-package-data,2.0.0,
array-equal@1.0.0,array-equal,1.0.0,
nwmatcher@1.2.5,nwmatcher,1.2.5,
abab@1.0.0,abab,1.0.0,
webidl-conversions@3.0.0,webidl-conversions,3.0.0,
for-in@0.1.0,for-in,0.1.0,
is-builtin-module@1.0.0,is-builtin-module,1.0.0,
extend-shallow@0.1.0,extend-shallow,0.1.0,
sax@1.0.0,sax,1.0.0,
tr46@0.0.1,tr46,0.0.1,
cssstyle@0.1.0,cssstyle,0.1.0,
cssom@0.3.1,cssom,0.3.1,
jest-jasmine2@21.0.0,jest-jasmine2,21.0.0,
parse-json@2.0.0,parse-json,2.0.0,
builtin-modules@1.0.0,builtin-modules,1.0.0,
tough-cookie@2.0.0,tough-cookie,2.0.0,
p-cancelable@0.1.0,p-cancelable,0.1.0,
jest-snapshot@21.0.0,jest-snapshot,21.0.0,
natural-compare@1.2.2,natural-compare,1.2.2,
leven@2.0.0,leven,2.0.0,
benchmark@1.0.0,benchmark,1.0.0,
number-is-nan@1.0.0,number-is-nan,1.0.0,
browser-resolve@1.0.0,browser-resolve,1.0.0,
align-text@0.1.0,align-text,0.1.0,
repeat-string@1.0.0,repeat-string,1.0.0,
ansi@0.0.1,ansi,0.0.1,
file-reader@0.1.0,file-reader,0.1.0,
hosted-git-info@2.0.0,hosted-git-info,2.0.0,
strip-bom@2.0.0,strip-bom,2.0.0,
mixin-object@0.1.0,mixin-object,0.1.0,
acorn-globals@1.0.0,acorn-globals,1.0.0,
acorn@0.0.1,acorn,0.0.1,
semver@4.0.2,semver,4.0.2,
jest-matcher-utils@21.0.0,jest-matcher-utils,21.0.0,
xml-name-validator@2.0.1,xml-name-validator,2.0.1,
symbol-tree@3.0.0,symbol-tree,3.0.0,
expect@21.0.0,expect,21.0.0,
jest-diff@21.0.0,jest-diff,21.0.0,
diff@3.0.0,diff,3.0.0,
longest@1.0.0,longest,1.0.0,
resolve@0.0.0,resolve,0.0.0,
map-files@0.1.0,map-files,0.1.0,
fs-utils@0.1.0,fs-utils,0.1.0,
require-main-filename@1.0.0,require-main-filename,1.0.0,
worker-farm@1.0.0,worker-farm,1.0.0,
ansi-escapes@2.0.0,ansi-escapes,2.0.0,
xtend@4.0.0,xtend,4.0.0,
jest-runner@21.0.0,jest-runner,21.0.0,
jest-changed-files@21.0.0,jest-changed-files,21.0.0,
string-length@1.0.0,string-length,1.0.0,
strip-ansi@2.0.0,strip-ansi,2.0.0,
ansi-regex@1.0.0,ansi-regex,1.0.0,
node-notifier@5.0.0,node-notifier,5.0.0,
semver@5.0.0,semver,5.0.0,
errno@0.0.1,errno,0.0.1,
throat@3.0.0,throat,3.0.0,
istanbul-api@1.1.0,istanbul-api,1.1.0,
async@2.0.0,async,2.0.0,
jest-runtime@21.0.0,jest-runtime,21.0.0,
strip-bom@3.0.0,strip-bom,3.0.0,
throat@4.0.0,throat,4.0.0,
jest-haste-map@21.0.0,jest-haste-map,21.0.0,
js-yaml@3.0.0,js-yaml,3.0.0,
lodash@4.0.0,lodash,4.0.0,
istanbul-lib-instrument@1.1.0,istanbul-lib-instrument,1.1.0,
argparse@0.1.0,argparse,0.1.0,
babel-jest@21.0.0,babel-jest,21.0.0,
babel-template@6.0.2,babel-template,6.0.2,
lodash@3.0.0,lodash,3.0.0,
babel-types@6.0.2,babel-types,6.0.2,
babel-generator@6.0.0,babel-generator,6.0.0,
jest-docblock@21.0.0,jest-docblock,21.0.0,
esutils@2.0.0,esutils,2.0.0,
babel-runtime@6.0.2,babel-runtime,6.0.2,
babel-preset-jest@21.0.0,babel-preset-jest,21.0.0,
to-fast-properties@1.0.0,to-fast-properties,1.0.0,
repeating@1.0.0,repeating,1.0.0,
detect-indent@3.0.0,detect-indent,3.0.0,
trim-right@1.0.0,trim-right,1.0.0,
babel-messages@6.0.0,babel-messages,6.0.0,
get-stdin@3.0.0,get-stdin,3.0.0,
shellwords@0.0.1,shellwords,0.0.1,
growly@1.0.0,growly,1.0.0,
istanbul-lib-report@1.0.0,istanbul-lib-report,1.0.0,
istanbul-lib-coverage@1.0.0,istanbul-lib-coverage,1.0.0,
istanbul-lib-hook@1.0.0,istanbul-lib-hook,1.0.0,
meow@1.0.0,meow,1.0.0,
core-js@1.0.0,core-js,1.0.0,
istanbul-lib-source-maps@1.0.0,istanbul-lib-source-maps,1.0.0,
fileset@2.0.2,fileset,2.0.2,
minimatch@3.0.0,minimatch,3.0.0,
istanbul-reports@1.0.0,istanbul-reports,1.0.0,
babel-core@6.0.0,babel-core,6.0.0,
path-parse@1.0.0,path-parse,1.0.0,
babylon@6.0.2,babylon,6.0.2,
rimraf@2.0.0,rimraf,2.0.0,
graceful-fs@2.0.1,graceful-fs,2.0.1,
babel-traverse@6.0.2,babel-traverse,6.0.2,
sane@2.0.0,sane,2.0.0,
fb-watchman@2.0.0,fb-watchman,2.0.0,
convert-source-map@1.0.0,convert-source-map,1.0.0,
babel-code-frame@6.0.0,babel-code-frame,6.0.0,
chalk@1.0.0,chalk,1.0.0,
ansi-styles@2.0.0,ansi-styles,2.0.0,
supports-color@1.0.0,supports-color,1.0.0,
handlebars@4.0.0,handlebars,4.0.0,
uglify-js@2.8.23,uglify-js,2.8.23,
yargs@3.0.0,yargs,3.0.0,
invariant@2.0.0,invariant,2.0.0,
anymatch@1.0.0,anymatch,1.0.0,
minimatch@1.0.0,minimatch,1.0.0,
globals@8.0.0,globals,8.0.0,
bser@2.0.0,bser,2.0.0,
underscore.string@2.0.0,underscore.string,2.0.0,
babel-plugin-istanbul@4.0.0,babel-plugin-istanbul,4.0.0,
find-up@2.0.0,find-up,2.0.0,
fsevents@1.0.0,fsevents,1.0.0,
is-integer@1.0.0,is-integer,1.0.0,
test-exclude@4.0.0,test-exclude,4.0.0,
lru-cache@7.1.0,lru-cache,7.1.0,
node-pre-gyp@0.1.0,node-pre-gyp,0.1.0,
request@2.11.1,request,2.11.1,
nan@2.0.0,nan,2.0.0,
is-finite@1.0.0,is-finite,1.0.0,
arrify@1.0.0,arrify,1.0.0,
object-assign@4.0.0,object-assign,4.0.0,
babel-plugin-jest-hoist@21.0.0,babel-plugin-jest-hoist,21.0.0,
tar@3.2.3,tar,3.2.3,
append-transform@0.2.0,append-transform,0.2.0,
babel-helpers@6.0.0,babel-helpers,6.0.0,
exec-sh@0.1.0,exec-sh,0.1.0,
watch@0.1.0,watch,0.1.0,
walker@1.0.0,walker,1.0.0,
uglify-to-browserify@1.0.0,uglify-to-browserify,1.0.0,
line-numbers@0.1.0,line-numbers,0.1.0,
sigmund@1.0.0,sigmund,1.0.0,
has-ansi@1.0.0,has-ansi,1.0.0,
js-tokens@1.0.0,js-tokens,1.0.0,
node-int64@0.1.0,node-int64,0.1.0,
npmlog@1.2.1,npmlog,1.2.1,
nopt@2.1.1,nopt,2.1.1,
makeerror@1.0.0,makeerror,1.0.0,
merge@1.0.0,merge,1.0.0,
left-pad@0.0.0,left-pad,0.0.0,
json5@0.0.0,json5,0.0.0,
minimatch@2.0.0,minimatch,2.0.0,
path-exists@1.0.0,path-exists,1.0.0,
home-or-tmp@1.0.0,home-or-tmp,1.0.0,
shebang-regex@1.0.0,shebang-regex,1.0.0,
private@0.0.1,private,0.0.1,
source-map-support@0.1.0,source-map-support,0.1.0,
os-tmpdir@1.0.0,os-tmpdir,1.0.0,
regenerator@0.1.0,regenerator,0.1.0,
esprima@1.0.2,esprima,1.0.2,
semver@2.0.1,semver,2.0.1,
user-home@1.0.0,user-home,1.0.0,
ast-types@0.1.1,ast-types,0.1.1,
recast@0.1.0,recast,0.1.0,
mocha@1.0.0,mocha,1.0.0,
diff@1.0.0,diff,1.0.0,
commander@2.4.0,commander,2.4.0,
growl@1.5.0,growl,1.5.0,
browserify@2.0.0,browserify,2.0.0,
inherits@1.0.0,inherits,1.0.0,
browser-resolve@0.0.0,browser-resolve,0.0.0,
whiskey@0.4.2,whiskey,0.4.2,
jade@0.0.1,jade,0.0.1,
duplexer@0.0.1,duplexer,0.0.1,
syntax-error@0.0.0,syntax-error,0.0.0,
through@2.0.0,through,2.0.0,
JSONStream@0.0.0,JSONStream,0.0.0,
browser-pack@0.0.0,browser-pack,0.0.0,
module-deps@0.0.0,module-deps,0.0.0,
insert-module-globals@0.0.1,insert-module-globals,0.0.1,
write-file-atomic@2.0.0,write-file-atomic,2.0.0,
imurmurhash@0.0.1,imurmurhash,0.0.1,
json-stable-stringify@1.0.0,json-stable-stringify,1.0.0,
jsonify@0.0.0,jsonify,0.0.0,
slide@1.0.0,slide,1.0.0,
jest-resolve-dependencies@21.0.0,jest-resolve-dependencies,21.0.0,
eslint@3.13.1,eslint,3.13.1,
globals@9.0.0,globals,9.0.0,
levn@0.1.0,levn,0.1.0,
ignore@3.0.0,ignore,3.0.0,
espree@3.0.0,espree,3.0.0,
prelude-ls@1.0.0,prelude-ls,1.0.0,
acorn-jsx@2.0.0,acorn-jsx,2.0.0,
table@3.0.1,table,3.0.1,
escope@3.0.0,escope,3.0.0,
estraverse@3.0.0,estraverse,3.0.0,
type-check@0.1.0,type-check,0.1.0,
esrecurse@3.0.0,esrecurse,3.0.0,
es6-weak-map@0.0.0,es6-weak-map,0.0.0,
d@0.1.1,d,0.1.1,
es6-iterator@0.1.2,es6-iterator,0.1.2,
d@0.1.0,d,0.1.0,
ansi-slice@1.0.0,ansi-slice,1.0.0,
tv4@1.0.0,tv4,1.0.0,
es6-map@0.0.0,es6-map,0.0.0,
bluebird@2.0.2,bluebird,2.0.2,
xregexp@3.0.0,xregexp,3.0.0,
es6-set@0.1.1,es6-set,0.1.1,
es6-iterator@0.0.0,es6-iterator,0.0.0,
time-uuid@0.2.0,time-uuid,0.2.0,
es5-ext@0.10.11,es5-ext,0.10.11,
es5-ext@0.1.0,es5-ext,0.1.0,
es6-symbol@0.0.0,es6-symbol,0.0.0,
es6-symbol@3.0.0,es6-symbol,3.0.0,
splice-string@1.0.0,splice-string,1.0.0,
event-emitter@0.1.5,event-emitter,0.1.5,
event-emitter@0.1.0,event-emitter,0.1.0,
microtime-x@0.2.0,microtime-x,0.2.0,
microtime@0.1.0,microtime,0.1.0,
user-home@2.0.0,user-home,2.0.0,
estraverse@4.0.0,estraverse,4.0.0,
shelljs@0.0.1,shelljs,0.0.1,
progress@1.0.0,progress,1.0.0,
doctrine@1.0.0,doctrine,1.0.0,
esutils@1.0.0,esutils,1.0.0,
pluralize@1.0.0,pluralize,1.0.0,
os-homedir@1.0.0,os-homedir,1.0.0,
optionator@0.1.0,optionator,0.1.0,
inquirer@0.1.0,inquirer,0.1.0,
lodash@1.0.0,lodash,1.0.0,
isarray@0.0.0,isarray,0.0.0,
deep-is@0.1.0,deep-is,0.1.0,
text-table@0.0.0,text-table,0.0.0,
levenshtein-damerau@0.1.0,levenshtein-damerau,0.1.0,
wordwrap@0.0.1,wordwrap,0.0.1,
charm@0.0.0,charm,0.0.0,
strip-json-comments@2.0.0,strip-json-comments,2.0.0,
require-uncached@1.0.2,require-uncached,1.0.2,
resolve-from@1.0.0,resolve-from,1.0.0,
caller-path@0.1.0,caller-path,0.1.0,
callsites@0.1.0,callsites,0.1.0,
concat-stream@1.0.0,concat-stream,1.0.0,
file-entry-cache@2.0.0,file-entry-cache,2.0.0,
is-my-json-valid@2.0.0,is-my-json-valid,2.0.0,
is-resolvable@1.0.0,is-resolvable,1.0.0,
path-is-inside@1.0.0,path-is-inside,1.0.0,
jsonpointer@1.0.0,jsonpointer,1.0.0,
generate-object-property@1.0.0,generate-object-property,1.0.0,
flat-cache@1.0.0,flat-cache,1.0.0,
generate-function@2.0.0,generate-function,2.0.0,
tryit@1.0.0,tryit,1.0.0,
write@0.1.1,write,0.1.1,
read-json-sync@1.0.0,read-json-sync,1.0.0,
react-scripts@1.0.1,react-scripts,1.0.1,
jest@20.0.0,jest,20.0.0,
eslint@3.0.0,eslint,3.0.0,
webpack@2.2.0,webpack,2.2.0,
inquirer@3.0.0,inquirer,3.0.0,
babel-jest@20.0.0,babel-jest,20.0.0,
jest-cli@20.0.0,jest-cli,20.0.0,
acorn@4.0.0,acorn,4.0.0,
yargs@6.0.0,yargs,6.0.0,
interpret@1.0.0,interpret,1.0.0,
watchpack@1.0.0,watchpack,1.0.0,
ansi-escapes@1.0.0,ansi-escapes,1.0.0,
string-width@2.0.0,string-width,2.0.0,
babel-preset-jest@20.0.0,babel-preset-jest,20.0.0,
jest-util@20.0.0,jest-util,20.0.0,
jest-config@20.0.0,jest-config,20.0.0,
yargs-parser@4.0.0,yargs-parser,4.0.0,
chokidar@1.0.0,chokidar,1.0.0,
is-fullwidth-code-point@2.0.0,is-fullwidth-code-point,2.0.0,
babel-plugin-jest-hoist@20.0.0,babel-plugin-jest-hoist,20.0.0,
jest-mock@20.0.0,jest-mock,20.0.0,
jest-validate@20.0.0,jest-validate,20.0.0,
jest-message-util@20.0.0,jest-message-util,20.0.0,
jest-resolve@20.0.0,jest-resolve,20.0.0,
jest-jasmine2@20.0.0,jest-jasmine2,20.0.0,
pretty-format@20.0.0,pretty-format,20.0.0,
jest-regex-util@20.0.0,jest-regex-util,20.0.0,
jest-environment-node@20.0.0,jest-environment-node,20.0.0,
jest-environment-jsdom@20.0.0,jest-environment-jsdom,20.0.0,
fsevents@0.1.1,fsevents,0.1.1,
jest-matcher-utils@20.0.0,jest-matcher-utils,20.0.0,
resolve@1.0.0,resolve,1.0.0,
jest-diff@20.0.0,jest-diff,20.0.0,
jest-snapshot@20.0.0,jest-snapshot,20.0.0,
file-entry-cache@1.0.0,file-entry-cache,1.0.0,
strip-json-comments@1.0.0,strip-json-comments,1.0.0,
run-async@2.0.0,run-async,2.0.0,
dotenv@4.0.0,dotenv,4.0.0,
mute-stream@0.0.1,mute-stream,0.0.1,
cli-width@2.0.0,cli-width,2.0.0,
cli-cursor@2.0.0,cli-cursor,2.0.0,
lodash.assign@4.0.0,lodash.assign,4.0.0,
lodash.assign@3.0.0,lodash.assign,3.0.0,
figures@2.0.0,figures,2.0.0,
readdirp@1.0.0,readdirp,1.0.0,
minimatch@0.0.1,minimatch,0.0.1,
graceful-fs@2.0.0,graceful-fs,2.0.0,
lru-cache@1.0.1,lru-cache,1.0.1,
glob-parent@1.0.0,glob-parent,1.0.0,
is-glob@0.1.0,is-glob,0.1.0,
is-binary-path@1.0.0,is-binary-path,1.0.0,
async-each@0.1.0,async-each,0.1.0,
is-promise@2.0.0,is-promise,2.0.0,
ajv@4.0.0,ajv,4.0.0,
restore-cursor@2.0.0,restore-cursor,2.0.0,
lodash.keys@4.0.0,lodash.keys,4.0.0,
binary-extensions@1.0.0,binary-extensions,1.0.0,
co@4.0.0,co,4.0.0,
onetime@2.0.0,onetime,2.0.0,
signal-exit@3.0.0,signal-exit,3.0.0,
mimic-fn@1.0.0,mimic-fn,1.0.0,
json-loader@0.1.0,json-loader,0.1.0,
fs-extra@3.0.0,fs-extra,3.0.0,
promise@7.0.0,promise,7.0.0,
window-size@0.1.0,window-size,0.1.0,
promise-resolver@1.0.0,promise-resolver,1.0.0,
universalify@0.0.1,universalify,0.0.1,
jsonfile@3.0.0,jsonfile,3.0.0,
p-map@1.0.0,p-map,1.0.0,
jest-matchers@20.0.0,jest-matchers,20.0.0,
jest-runtime@20.0.0,jest-runtime,20.0.0,
jest-docblock@20.0.0,jest-docblock,20.0.0,
jest-haste-map@20.0.0,jest-haste-map,20.0.0,
sane@1.0.0,sane,1.0.0,
fb-watchman@0.0.0,fb-watchman,0.0.0,
rx@4.0.0,rx,4.0.0,
css-loader@0.1.0,css-loader,0.1.0,
lodash.rest@4.0.0,lodash.rest,4.0.0,
csso@1.3.10,csso,1.3.10,
lodash._createassigner@3.0.0,lodash._createassigner,3.0.0,
lodash._baseassign@3.0.0,lodash._baseassign,3.0.0,
lodash.keys@3.0.0,lodash.keys,3.0.0,
readable-stream@1.0.0,readable-stream,1.0.0,
enhanced-resolve@3.0.0,enhanced-resolve,3.0.0,
node-libs-browser@2.0.0,node-libs-browser,2.0.0,
lodash._isiterateecall@3.0.0,lodash._isiterateecall,3.0.0,
lodash.isarguments@3.0.0,lodash.isarguments,3.0.0,
acorn-dynamic-import@2.0.0,acorn-dynamic-import,2.0.0,
ajv-keywords@1.0.0,ajv-keywords,1.0.0,
url@0.4.9,url,0.4.9,
loader-runner@2.0.0,loader-runner,2.0.0,
assert@1.0.0,assert,1.0.0,
string_decoder@0.0.0,string_decoder,0.0.0,
events@1.0.0,events,1.0.0,
punycode@1.0.0,punycode,1.0.0,
buffer@4.0.0,buffer,4.0.0,
isarray@1.0.0,isarray,1.0.0,
webpack-sources@0.1.0,webpack-sources,0.1.0,
in-publish@2.0.0,in-publish,2.0.0,
domain-browser@1.0.0,domain-browser,1.0.0,
source-list-map@0.1.0,source-list-map,0.1.0,
ieee754@1.0.0,ieee754,1.0.0,
asap@2.0.0,asap,2.0.0,
nextback@0.0.1,nextback,0.0.1,
external-editor@2.0.0,external-editor,2.0.0,
tmp@0.0.1,tmp,0.0.1,
extend@3.0.0,extend,3.0.0,
lodash._basecopy@3.0.0,lodash._basecopy,3.0.0,
lodash.isnative@3.0.0,lodash.isnative,3.0.0,
json-stream@0.0.0,json-stream,0.0.0,
jest-changed-files@20.0.0,jest-changed-files,20.0.0,
jest-resolve-dependencies@20.0.0,jest-resolve-dependencies,20.0.0,
lodash._bindcallback@3.0.0,lodash._bindcallback,3.0.0,
lodash.support@3.0.0,lodash.support,3.0.0,
lodash.isarray@3.0.0,lodash.isarray,3.0.0,
util@0.4.9,util,0.4.9,
os-browserify@0.1.0,os-browserify,0.1.0,
stream-http@2.0.0,stream-http,2.0.0,
inherits@2.0.0,inherits,2.0.0,
process@0.4.9,process,0.4.9,
builtin-status-codes@1.0.0,builtin-status-codes,1.0.0,
querystring@0.0.1,querystring,0.0.1,
events.node@0.4.9,events.node,0.4.9,
readable-stream@2.0.0,readable-stream,2.0.0,
crypto-browserify@3.0.0,crypto-browserify,3.0.0,
console-browserify@1.0.1,console-browserify,1.0.1,
string_decoder@0.10.31,string_decoder,0.10.31,
https-browserify@0.0.0,https-browserify,0.0.0,
stream-browserify@2.0.0,stream-browserify,2.0.0,
core-util-is@1.0.0,core-util-is,1.0.0,
constants-browserify@1.0.0,constants-browserify,1.0.0,
tty-browserify@0.0.0,tty-browserify,0.0.0,
ripemd160@0.1.0,ripemd160,0.1.0,
querystring-es3@0.2.0,querystring-es3,0.2.0,
sha.js@2.0.0,sha.js,2.0.0,
util-deprecate@1.0.0,util-deprecate,1.0.0,
process-nextick-args@1.0.0,process-nextick-args,1.0.0,
path-browserify@0.0.0,path-browserify,0.0.0,
timers-browserify@2.0.0,timers-browserify,2.0.0,
browserify-zlib@0.1.0,browserify-zlib,0.1.0,
convert-string@0.1.0,convert-string,0.1.0,
convert-hex@0.1.0,convert-hex,0.1.0,
native-buffer-browserify@2.0.0,native-buffer-browserify,2.0.0,
base64-js@1.0.1,base64-js,1.0.1,
pako@0.0.0,pako,0.0.0,
setimmediate@1.0.0,setimmediate,1.0.0,
style-loader@0.1.0,style-loader,0.1.0,
whatwg-fetch@2.0.0,whatwg-fetch,2.0.0,
cross-spawn@4.0.0,cross-spawn,4.0.0,
lru-cache@4.0.0,lru-cache,4.0.0,
postcss-loader@2.0.0,postcss-loader,2.0.0,
loader-utils@0.2.14,loader-utils,0.2.14,
yallist@2.0.0,yallist,2.0.0,
file-loader@0.1.0,file-loader,0.1.0,
autoprefixer@7.0.0,autoprefixer,7.0.0,
schema-utils@2.2.0,schema-utils,2.2.0,
ajv@6.0.0,ajv,6.0.0,
ajv-keywords@3.0.0,ajv-keywords,3.0.0,
postcss-load-config@3.0.1,postcss-load-config,3.0.1,
big.js@3.0.0,big.js,3.0.0,
postcss@6.0.5,postcss,6.0.5,
normalize-range@0.1.0,normalize-range,0.1.0,
postcss-value-parser@3.0.0,postcss-value-parser,3.0.0,
browserslist@2.0.0,browserslist,2.0.0,
postcss@6.0.0,postcss,6.0.0,
fast-json-stable-stringify@2.0.0,fast-json-stable-stringify,2.0.0,
json-schema-traverse@0.0.1,json-schema-traverse,0.0.1,
fast-deep-equal@1.0.0,fast-deep-equal,1.0.0,
cosmiconfig@7.0.0,cosmiconfig,7.0.0,
parse-json@5.0.0,parse-json,5.0.0,
babel-loader@7.0.0,babel-loader,7.0.0,
loader-utils@1.0.0,loader-utils,1.0.0,
babel-eslint@7.0.0,babel-eslint,7.0.0,
url-loader@0.1.0,url-loader,0.1.0,
path-type@4.0.0,path-type,4.0.0,
import-fresh@3.0.0,import-fresh,3.0.0,
resolve-from@4.0.0,resolve-from,4.0.0,
json-parse-better-errors@1.0.0,json-parse-better-errors,1.0.0,
error-ex@1.0.0,error-ex,1.0.0,
yaml@1.0.0,yaml,1.0.0,
eslint-loader@1.0.0,eslint-loader,1.0.0,
object-assign@3.0.0,object-assign,3.0.0,
@babel/code-frame@7.0.0,@babel/code-frame,7.0.0,
caniuse-lite@1.0.30000655,caniuse-lite,1.0.30000655,
raw-loader@0.1.5,raw-loader,0.1.5,
pseudomap@1.0.0,pseudomap,1.0.0,
emojis-list@1.0.0,emojis-list,1.0.0,
num2fraction@1.0.0,num2fraction,1.0.0,
emojis-list@2.0.0,emojis-list,2.0.0,
lines-and-columns@1.0.0,lines-and-columns,1.0.0,
find-cache-dir@0.1.0,find-cache-dir,0.1.0,
import-cwd@3.0.0,import-cwd,3.0.0,
parent-module@1.0.0,parent-module,1.0.0,
callsites@3.0.0,callsites,3.0.0,
pkg-dir@1.0.0,pkg-dir,1.0.0,
lodash.pickby@4.0.0,lodash.pickby,4.0.0,
commondir@1.0.0,commondir,1.0.0,
common-dir@0.1.0,common-dir,0.1.0,
electron-to-chromium@1.0.0,electron-to-chromium,1.0.0,
@types/parse-json@4.0.0,@types/parse-json,4.0.0,
import-from@3.0.0,import-from,3.0.0,
resolve-from@5.0.0,resolve-from,5.0.0,
@babel/highlight@7.0.0,@babel/highlight,7.0.0,
lodash.hasin@4.0.0,lodash.hasin,4.0.0,
lodash.topairs@4.0.0,lodash.topairs,4.0.0,
lodash._baseisequal@4.0.0,lodash._baseisequal,4.0.0,
lodash.get@4.0.0,lodash.get,4.0.0,
lodash._baseismatch@4.0.0,lodash._baseismatch,4.0.0,
lodash.keysin@4.0.0,lodash.keysin,4.0.0,
lodash._basefor@3.0.0,lodash._basefor,3.0.0,
wodge@0.0.0,wodge,0.0.0,
lodash._stack@4.0.0,lodash._stack,4.0.0,
lodash._arraymap@3.0.0,lodash._arraymap,3.0.0,
lodash._baseslice@4.0.0,lodash._baseslice,4.0.0,
lodash._mapcache@4.0.0,lodash._mapcache,4.0.0,
babel-preset-react-app@3.0.0,babel-preset-react-app,3.0.0,
react-dev-utils@1.0.0,react-dev-utils,1.0.0,
eslint-plugin-react@7.0.0,eslint-plugin-react,7.0.0,
doctrine@2.0.0,doctrine,2.0.0,
eslint-plugin-import@2.0.0,eslint-plugin-import,2.0.0,
doctrine@0.5.2,doctrine,0.5.2,
babel-plugin-syntax-dynamic-import@6.18.0,babel-plugin-syntax-dynamic-import,6.18.0,
babel-plugin-transform-object-rest-spread@6.0.2,babel-plugin-transform-object-rest-spread,6.0.2,
babel-plugin-transform-class-properties@6.0.2,babel-plugin-transform-class-properties,6.0.2,
babel-plugin-transform-regenerator@6.0.2,babel-plugin-transform-regenerator,6.0.2,
html-webpack-plugin@2.0.2,html-webpack-plugin,2.0.2,
syntax-error@1.0.0,syntax-error,1.0.0,
contains-path@0.1.0,contains-path,0.1.0,
shell-quote@1.0.0,shell-quote,1.0.0,
eslint-import-resolver-node@0.1.0,eslint-import-resolver-node,0.1.0,
eslint-module-utils@1.0.0,eslint-module-utils,1.0.0,
jsx-ast-utils@1.0.0,jsx-ast-utils,1.0.0,
html-entities@1.0.0,html-entities,1.0.0,
eslint-plugin-flowtype@2.0.0,eslint-plugin-flowtype,2.0.0,
react-error-overlay@1.0.0,react-error-overlay,1.0.0,
eslint-config-react-app@1.0.0,eslint-config-react-app,1.0.0,
webpack-manifest-plugin@1.0.0,webpack-manifest-plugin,1.0.0,
babel-plugin-transform-react-jsx@6.0.2,babel-plugin-transform-react-jsx,6.0.2,
babel-plugin-transform-runtime@6.0.2,babel-plugin-transform-runtime,6.0.2,
postcss-flexbugs-fixes@3.0.0,postcss-flexbugs-fixes,3.0.0,
webpack-dev-server@2.2.0,webpack-dev-server,2.2.0,
express@4.0.0,express,4.0.0,
qs@0.0.1,qs,0.0.1,
babel-plugin-transform-react-jsx-self@6.11.0,babel-plugin-transform-react-jsx-self,6.11.0,
babel-plugin-transform-react-constant-elements@6.0.2,babel-plugin-transform-react-constant-elements,6.0.2,
babel-preset-react@6.0.2,babel-preset-react,6.0.2,
babel-preset-env@1.0.0,babel-preset-env,1.0.0,
eslint-plugin-jsx-a11y@5.0.0,eslint-plugin-jsx-a11y,5.0.0,
opn@5.0.0,opn,5.0.0,
babel-plugin-transform-react-jsx-source@6.1.4,babel-plugin-transform-react-jsx-source,6.1.4,
babel-runtime@5.0.0,babel-runtime,5.0.0,
core-js@0.0.3,core-js,0.0.3,
babel-plugin-dynamic-import-node@1.0.0,babel-plugin-dynamic-import-node,1.0.0,
address@1.0.0,address,1.0.0,
sockjs-client@1.0.0,sockjs-client,1.0.0,
anser@1.0.0,anser,1.0.0,
filesize@3.0.0,filesize,3.0.0,
opn@4.0.0,opn,4.0.0,
pinkie-promise@2.0.0,pinkie-promise,2.0.0,
sockjs@0.0.1,sockjs,0.0.1,
compression@1.0.0,compression,1.0.0,
portfinder@1.0.0,portfinder,1.0.0,
mkdirp@0.3.3,mkdirp,0.3.3,
utils-merge@1.0.0,utils-merge,1.0.0,
escape-html@1.0.0,escape-html,1.0.0,
lodash.cond@4.0.0,lodash.cond,4.0.0,
parseurl@1.0.0,parseurl,1.0.0,
pkg-up@1.0.0,pkg-up,1.0.0,
damerau-levenshtein@1.0.0,damerau-levenshtein,1.0.0,
babel-plugin-syntax-object-rest-spread@6.0.2,babel-plugin-syntax-object-rest-spread,6.0.2,
babel-plugin-syntax-trailing-function-commas@6.0.2,babel-plugin-syntax-trailing-function-commas,6.0.2,
babel-plugin-transform-es2015-computed-properties@6.0.2,babel-plugin-transform-es2015-computed-properties,6.0.2,
accepts@1.0.0,accepts,1.0.0,
type-is@1.0.0,type-is,1.0.0,
gzip-size@3.0.0,gzip-size,3.0.0,
babel-plugin-transform-flow-strip-types@6.0.2,babel-plugin-transform-flow-strip-types,6.0.2,
babel-plugin-transform-es2015-destructuring@6.0.2,babel-plugin-transform-es2015-destructuring,6.0.2,
aria-query@0.1.0,aria-query,0.1.0,
html-minifier@0.4.3,html-minifier,0.4.3,
is-wsl@1.0.0,is-wsl,1.0.0,
babel-plugin-transform-es2015-function-name@6.0.2,babel-plugin-transform-es2015-function-name,6.0.2,
babel-plugin-transform-es2015-arrow-functions@6.0.2,babel-plugin-transform-es2015-arrow-functions,6.0.2,
babel-plugin-syntax-class-properties@6.0.2,babel-plugin-syntax-class-properties,6.0.2,
emoji-regex@6.0.0,emoji-regex,6.0.0,
has@1.0.0,has,1.0.0,
faye-websocket@0.1.0,faye-websocket,0.1.0,
eventsource@0.0.1,eventsource,0.0.1,
negotiator@0.1.0,negotiator,0.1.0,
underscore@1.3.2,underscore,1.3.2,
jquery@1.5.1,jquery,1.5.1,
jsdom@0.0.1,jsdom,0.0.1,
serve-static@1.0.0,serve-static,1.0.0,
path-to-regexp@0.0.1,path-to-regexp,0.0.1,
compressible@1.0.0,compressible,1.0.0,
settle-promise@1.0.0,settle-promise,1.0.0,
babel-helper-builder-react-jsx@6.0.0,babel-helper-builder-react-jsx,6.0.0,
serve-index@1.0.0,serve-index,1.0.0,
babel-plugin-syntax-jsx@6.0.2,babel-plugin-syntax-jsx,6.0.2,
babel-plugin-transform-es2015-block-scoped-functions@6.0.2,babel-plugin-transform-es2015-block-scoped-functions,6.0.2,
babel-plugin-transform-es2015-block-scoping@6.0.2,babel-plugin-transform-es2015-block-scoping,6.0.2,
ast-types-flow@0.0.1,ast-types-flow,0.0.1,
babel-plugin-transform-es2015-duplicate-keys@6.6.0,babel-plugin-transform-es2015-duplicate-keys,6.6.0,
axobject-query@0.1.0,axobject-query,0.1.0,
babel-plugin-syntax-flow@6.0.2,babel-plugin-syntax-flow,6.0.2,
babel-plugin-transform-es2015-for-of@6.0.2,babel-plugin-transform-es2015-for-of,6.0.2,
babel-plugin-check-es2015-constants@6.1.5,babel-plugin-check-es2015-constants,6.1.5,
babel-plugin-transform-es2015-classes@6.0.2,babel-plugin-transform-es2015-classes,6.0.2,
url-parse@1.0.0,url-parse,1.0.0,
node-uuid@1.0.0,node-uuid,1.0.0,
coffee-script@1.0.0,coffee-script,1.0.0,
coffee-script@1.1.3,coffee-script,1.1.3,
spdy@3.0.0,spdy,3.0.0,
bytes@0.0.1,bytes,0.0.1,
pinkie@2.0.0,pinkie,2.0.0,
json3@3.1.0,json3,3.1.0,
babel-plugin-transform-async-to-generator@6.0.2,babel-plugin-transform-async-to-generator,6.0.2,
requires-port@0.0.1,requires-port,0.0.1,
babel-helper-replace-supers@6.0.0,babel-helper-replace-supers,6.0.0,
babel-helper-define-map@6.0.0,babel-helper-define-map,6.0.0,
htmlparser@1.6.2,htmlparser,1.6.2,
mjsunit.runner@0.1.0,mjsunit.runner,0.1.0,
babel-helper-function-name@6.0.0,babel-helper-function-name,6.0.0,
babel-helper-remap-async-to-generator@6.0.0,babel-helper-remap-async-to-generator,6.0.0,
batch@0.0.1,batch,0.0.1,
mocha@1.18.0,mocha,1.18.0,
glob@3.0.0,glob,3.0.0,
commander@2.0.0,commander,2.0.0,
graceful-fs@1.0.0,graceful-fs,1.0.0,
querystringify@0.0.3,querystringify,0.0.3,
spdy-transport@2.0.0,spdy-transport,2.0.0,
babel-plugin-syntax-async-functions@6.0.2,babel-plugin-syntax-async-functions,6.0.2,
babel-helper-optimise-call-expression@6.0.0,babel-helper-optimise-call-expression,6.0.0,
handle-thing@1.0.1,handle-thing,1.0.1,
select-hose@2.0.0,select-hose,2.0.0,
http-deceiver@1.0.1,http-deceiver,1.0.1,
babel-helper-get-function-arity@6.0.0,babel-helper-get-function-arity,6.0.0,
babel-plugin-transform-es2015-modules-systemjs@6.0.2,babel-plugin-transform-es2015-modules-systemjs,6.0.2,
babel-plugin-transform-es2015-modules-commonjs@6.0.2,babel-plugin-transform-es2015-modules-commonjs,6.0.2,
babel-plugin-transform-es2015-typeof-symbol@6.0.2,babel-plugin-transform-es2015-typeof-symbol,6.0.2,
babel-plugin-transform-es2015-sticky-regex@6.0.2,babel-plugin-transform-es2015-sticky-regex,6.0.2,
babel-plugin-transform-es2015-object-super@6.0.2,babel-plugin-transform-es2015-object-super,6.0.2,
fast-list@1.0.1,fast-list,1.0.1,
should@3.3.0,should,3.3.0,
stack-frame-parser@0.0.0,stack-frame-parser,0.0.0,
stack-frame-mapper@0.1.0,stack-frame-mapper,0.1.0,
recursive-readdir@2.0.0,recursive-readdir,2.0.0,
stack-frame-unmapper@0.0.0,stack-frame-unmapper,0.0.0,
obuf@1.0.0,obuf,1.0.0,
wbuf@1.0.0,wbuf,1.0.0,
hpack.js@2.0.0,hpack.js,2.0.0,
http-proxy-middleware@0.0.1,http-proxy-middleware,0.0.1,
babel-plugin-transform-es2015-parameters@6.0.2,babel-plugin-transform-es2015-parameters,6.0.2,
babel-plugin-transform-es2015-shorthand-properties@6.0.2,babel-plugin-transform-es2015-shorthand-properties,6.0.2,
webpack-dev-middleware@1.0.0,webpack-dev-middleware,1.0.0,
mime@1.4.0,mime,1.4.0,
enhanced-resolve@0.7.6,enhanced-resolve,0.7.6,
tapable@0.2.2,tapable,0.2.2,
babel-plugin-transform-es2015-modules-umd@6.0.2,babel-plugin-transform-es2015-modules-umd,6.0.2,
babel-plugin-transform-es2015-modules-amd@6.0.2,babel-plugin-transform-es2015-modules-amd,6.0.2,
babel-plugin-transform-es2015-literals@6.0.2,babel-plugin-transform-es2015-literals,6.0.2,
babel-plugin-transform-es2015-spread@6.0.2,babel-plugin-transform-es2015-spread,6.0.2,
babel-plugin-transform-es2015-template-literals@6.0.2,babel-plugin-transform-es2015-template-literals,6.0.2,
babel-helper-call-delegate@6.0.0,babel-helper-call-delegate,6.0.0,
babel-helper-regex@6.0.0,babel-helper-regex,6.0.0,
babel-helper-hoist-variables@6.0.0,babel-helper-hoist-variables,6.0.0,
browserslist@1.0.0,browserslist,1.0.0,
babel-plugin-transform-es2015-unicode-regex@6.0.2,babel-plugin-transform-es2015-unicode-regex,6.0.2,
stack-frame@0.0.0,stack-frame,0.0.0,
stack-frame-utils@0.0.0,stack-frame-utils,0.0.0,
connect-history-api-fallback@1.0.0,connect-history-api-fallback,1.0.0,
@timer/detect-port@1.1.2,@timer/detect-port,1.1.2,
babel-plugin-transform-exponentiation-operator@6.0.2,babel-plugin-transform-exponentiation-operator,6.0.2,
regexpu@1.0.0,regexpu,1.0.0,
regjsgen@0.1.0,regjsgen,0.1.0,
regenerate@1.0.0,regenerate,1.0.0,
regjsparser@0.0.1,regjsparser,0.0.1,
caniuse-db@1.0.20140224,caniuse-db,1.0.20140224,
babel-helper-builder-binary-assignment-operator-visitor@6.0.0,babel-helper-builder-binary-assignment-operator-visitor,6.0.0,
babel-plugin-syntax-exponentiation-operator@6.0.2,babel-plugin-syntax-exponentiation-operator,6.0.2,
babel-helper-explode-assignable-expression@6.0.0,babel-helper-explode-assignable-expression,6.0.0,
jsesc@0.3.0,jsesc,0.3.0,
extract-text-webpack-plugin@2.0.0,extract-text-webpack-plugin,2.0.0,
case-sensitive-paths-webpack-plugin@2.0.0,case-sensitive-paths-webpack-plugin,2.0.0,
sw-precache-webpack-plugin@0.1.0,sw-precache-webpack-plugin,0.1.0,
sw-precache@3.0.0,sw-precache,3.0.0,
glob@6.0.1,glob,6.0.1,
meow@3.0.0,meow,3.0.0,
object-assign@2.0.0,object-assign,2.0.0,
indent-string@1.0.0,indent-string,1.0.0,
pretty-bytes@3.0.0,pretty-bytes,3.0.0,
es6-promise@3.0.0,es6-promise,3.0.0,
camelcase-keys@1.0.0,camelcase-keys,1.0.0,
camelcase@1.0.0,camelcase,1.0.0,
map-obj@1.0.0,map-obj,1.0.0,
dom-urls@1.0.0,dom-urls,1.0.0,
lodash.defaults@4.0.0,lodash.defaults,4.0.0,
lodash.template@4.0.0,lodash.template,4.0.0,
sw-toolbox@3.0.0,sw-toolbox,3.0.0,
path-to-regexp@1.0.0,path-to-regexp,1.0.0,
lodash._reinterpolate@3.0.0,lodash._reinterpolate,3.0.0,
lodash.templatesettings@3.0.0,lodash.templatesettings,3.0.0,
lodash.escape@3.0.0,lodash.escape,3.0.0,
URIjs@1.4.2,URIjs,1.4.2,
lodash.assigninwith@4.0.0,lodash.assigninwith,4.0.0,
serviceworker-cache-polyfill@3.0.0,serviceworker-cache-polyfill,3.0.0,
lodash.reevaluate@3.0.0,lodash.reevaluate,3.0.0,
lodash.reinterpolate@3.0.0,lodash.reinterpolate,3.0.0,
lodash.reescape@3.0.0,lodash.reescape,3.0.0,
lodash._basetostring@3.0.0,lodash._basetostring,3.0.0,
next@10.0.6,next,10.0.6,
buffer@5.0.0,buffer,5.0.0,
postcss@8.0.0,postcss,8.0.0,
chokidar@3.0.0,chokidar,3.0.0,
braces@3.0.0,braces,3.0.0,
is-glob@4.0.0,is-glob,4.0.0,
anymatch@3.0.0,anymatch,3.0.0,
fsevents@2.0.0,fsevents,2.0.0,
readdirp@3.0.0,readdirp,3.0.0,
async-each@1.0.0,async-each,1.0.0,
glob-parent@5.0.0,glob-parent,5.0.0,
is-binary-path@2.0.0,is-binary-path,2.0.0,
etag@1.0.0,etag,1.0.0,
normalize-path@3.0.0,normalize-path,3.0.0,
fill-range@7.0.0,fill-range,7.0.0,
p-limit@3.0.0,p-limit,3.0.0,
raw-body@2.0.0,raw-body,2.0.0,
bytes@2.0.0,bytes,2.0.0,
picomatch@2.0.0,picomatch,2.0.0,
colorette@1.0.0,colorette,1.0.0,
nanoid@3.0.0,nanoid,3.0.0,
line-column@1.0.0,line-column,1.0.0,
isobject@2.0.0,isobject,2.0.0,
is-extglob@2.0.0,is-extglob,2.0.0,
p-try@2.0.0,p-try,2.0.0,
to-regex-range@5.0.0,to-regex-range,5.0.0,
is-number@7.0.0,is-number,7.0.0,
node.extend@1.0.7,node.extend,1.0.7,
sharp@0.0.1,sharp,0.0.1,
object-keys@0.0.1,object-keys,0.0.1,
is@0.0.7,is,0.0.7,
react-is@16.3.0,react-is,16.3.0,
@next/env@10.0.0,@next/env,10.0.0,
watchpack@2.0.0,watchpack,2.0.0,
browserslist@4.0.0,browserslist,4.0.0,
vm-browserify@1.0.0,vm-browserify,1.0.0,
node-fetch@2.0.0,node-fetch,2.0.0,
node-releases@1.0.0,node-releases,1.0.0,
jest-worker@24.0.0,jest-worker,24.0.0,
supports-color@6.0.0,supports-color,6.0.0,
has-flag@3.0.0,has-flag,3.0.0,
@babel/runtime@7.0.0,@babel/runtime,7.0.0,
regenerator-runtime@0.9.0,regenerator-runtime,0.9.0,
component-indexof@0.0.3,component-indexof,0.0.3,
glob-to-regexp@0.0.0,glob-to-regexp,0.0.0,
prop-types@15.5.0,prop-types,15.5.0,
styled-jsx@3.0.0,styled-jsx,3.0.0,
native-url@0.1.0,native-url,0.1.0,
merge-stream@1.0.0,merge-stream,1.0.0,
react-refresh@0.0.2,react-refresh,0.0.2,
stylis@3.0.0,stylis,3.0.0,
fbjs@0.0.0,fbjs,0.0.0,
stylis-rule-sheet@0.0.1,stylis-rule-sheet,0.0.1,
string-hash@1.1.0,string-hash,1.1.0,
@hapi/accept@5.0.0,@hapi/accept,5.0.0,
@hapi/boom@7.4.7,@hapi/boom,7.4.7,
@hapi/hoek@8.2.2,@hapi/hoek,8.2.2,
find-cache-dir@3.0.0,find-cache-dir,3.0.0,
path-browserify@1.0.0,path-browserify,1.0.0,
stream-browserify@3.0.0,stream-browserify,3.0.0,
pkg-dir@4.0.0,pkg-dir,4.0.0,
readable-stream@3.0.0,readable-stream,3.0.0,
find-up@3.0.0,find-up,3.0.0,
string_decoder@1.0.0,string_decoder,1.0.0,
process-nextick-args@2.0.0,process-nextick-args,2.0.0,
locate-path@3.0.0,locate-path,3.0.0,
path-exists@3.0.0,path-exists,3.0.0,
make-dir@3.0.0,make-dir,3.0.0,
semver@6.0.0,semver,6.0.0,
@opentelemetry/api@0.4.0,@opentelemetry/api,0.4.0,
p-locate@3.0.0,p-locate,3.0.0,
p-limit@2.0.0,p-limit,2.0.0,
buffer-shims@1.0.0,buffer-shims,1.0.0,
cssnano-simple@1.0.0,cssnano-simple,1.0.0,
postcss@7.0.0,postcss,7.0.0,
supports-color@5.0.0,supports-color,5.0.0,
node-html-parser@1.1.0,node-html-parser,1.1.0,
pnp-webpack-plugin@1.0.0,pnp-webpack-plugin,1.0.0,
entities@1.1.2,entities,1.1.2,
cssnano-preset-simple@1.0.0,cssnano-preset-simple,1.0.0,
use-subscription@1.0.0,use-subscription,1.0.0,
@next/react-dev-overlay@10.0.0,@next/react-dev-overlay,10.0.0,
chalk@4.0.0,chalk,4.0.0,
strip-ansi@6.0.0,strip-ansi,6.0.0,
ansi-styles@4.0.0,ansi-styles,4.0.0,
supports-color@7.0.0,supports-color,7.0.0,
ansi-regex@5.0.0,ansi-regex,5.0.0,
color-convert@2.0.0,color-convert,2.0.0,
has-flag@4.0.0,has-flag,4.0.0,
color-name@1.0.0,color-name,1.0.0,
@next/polyfill-module@10.0.0,@next/polyfill-module,10.0.0,
data-uri-to-buffer@3.0.0,data-uri-to-buffer,3.0.0,
classnames@2.0.0,classnames,2.0.0,
stacktrace-parser@0.1.1,stacktrace-parser,0.1.1,
buffer-from@1.0.0,buffer-from,1.0.0,
ally.js@1.0.0,ally.js,1.0.0,
array.prototype.findindex@1.0.0,array.prototype.findindex,1.0.0,
css.escape@1.0.0,css.escape,1.0.0,
platform@1.0.0,platform,1.0.0,
@ampproject/toolbox-optimizer@2.0.0,@ampproject/toolbox-optimizer,2.0.0,
css@2.0.0,css,2.0.0,
domhandler@3.0.0,domhandler,3.0.0,
urix@0.1.0,urix,0.1.0,
domelementtype@2.0.0,domelementtype,2.0.0,
domutils@2.0.0,domutils,2.0.0,
htmlparser2@4.0.0,htmlparser2,4.0.0,
entities@2.0.0,entities,2.0.0,
normalize-html-whitespace@1.0.0,normalize-html-whitespace,1.0.0,
terser@4.0.0,terser,4.0.0,
source-map-resolve@0.1.0,source-map-resolve,0.1.0,
@next/react-refresh-utils@10.0.0,@next/react-refresh-utils,10.0.0,
dom-serializer@0.0.0,dom-serializer,0.0.0,
entities@1.0.0,entities,1.0.0,
domelementtype@1.0.0,domelementtype,1.0.0,
source-map-url@0.1.0,source-map-url,0.1.0,
atob@1.0.0,atob,1.0.0,
@ampproject/toolbox-script-csp@2.0.0,@ampproject/toolbox-script-csp,2.0.0,
@ampproject/toolbox-runtime-version@2.0.0,@ampproject/toolbox-runtime-version,2.0.0,
@ampproject/toolbox-validator-rules@2.0.0,@ampproject/toolbox-validator-rules,2.0.0,
@ampproject/toolbox-core@2.0.0,@ampproject/toolbox-core,2.0.0,
cross-fetch@3.0.0,cross-fetch,3.0.0,
whatwg-fetch@3.0.0,whatwg-fetch,3.0.0,
axios@0.22.0,axios,0.22.0,
follow-redirects@1.0.0,follow-redirects,1.0.0,
lodash@2.4.2,lodash,2.4.2,
mongoose@4.8.2,mongoose,4.8.2,
bson@1.0.0,bson,1.0.0,
mongodb@2.0.0,mongodb,2.0.0,
muri@1.0.0,muri,1.0.0,
kareem@1.0.0,kareem,1.0.0,
mpath@0.0.1,mpath,0.0.1,
sliced@1.0.0,sliced,1.0.0,
regexp-clone@0.0.1,regexp-clone,0.0.1,
hooks-fixed@1.0.0,hooks-fixed,1.0.0,
mquery@2.0.0,mquery,2.0.0,
sliced@0.0.1,sliced,0.0.1,
mpromise@0.0.1,mpromise,0.0.1,
mongodb-core@1.0.0,mongodb-core,1.0.0,
bson@0.4.15,bson,0.4.15,
kerberos@0.0.1,kerberos,0.0.1,
socket.io@0.9.10,socket.io,0.9.10,
redis@0.0.1,redis,0.0.1,
socket.io-client@0.7.0,socket.io-client,0.7.0,
policyfile@0.0.1,policyfile,0.0.1,
nodemailer@0.6.1,nodemailer,0.6.1,
mailcomposer@0.1.0,mailcomposer,0.1.0,
directmail@0.1.0,directmail,0.1.0,
simplesmtp@0.1.26,simplesmtp,0.1.26,
public-address@0.1.0,public-address,0.1.0,
he@0.1.0,he,0.1.0,
simplesmtp@0.1.0,simplesmtp,0.1.0,
mimelib-noiconv@0.1.4,mimelib-noiconv,0.1.4,
rai@0.1.5,rai,0.1.5,
xoauth2@0.1.0,xoauth2,0.1.0,
puppeteer@18.0.3,puppeteer,18.0.3,
debug@4.0.0,debug,4.0.0,
rimraf@3.0.0,rimraf,3.0.0,
progress@2.0.0,progress,2.0.0,
ms@2.0.0,ms,2.0.0,
proxy-from-env@1.0.0,proxy-from-env,1.0.0,
https-proxy-agent@5.0.0,https-proxy-agent,5.0.0,
unbzip2-stream@1.0.0,unbzip2-stream,1.0.0,
buffer@3.0.0,buffer,3.0.0,
agent-base@4.1.0,agent-base,4.1.0,
es6-promisify@5.0.0,es6-promisify,5.0.0,
es6-promise@4.0.0,es6-promise,4.0.0,
tar-fs@2.0.0,tar-fs,2.0.0,
ws@8.0.0,ws,8.0.0,
extract-zip@2.0.0,extract-zip,2.0.0,
chownr@1.0.0,chownr,1.0.0,
bzip2@0.1.0,bzip2,0.1.0,
is-array@1.0.1,is-array,1.0.1,
get-stream@5.0.0,get-stream,5.0.0,
yauzl@2.0.0,yauzl,2.0.0,
pend@1.0.0,pend,1.0.0,
fd-slicer@0.0.1,fd-slicer,0.0.1,
devtools-protocol@0.0.112233,devtools-protocol,0.0.112233,
tar-stream@2.0.0,tar-stream,2.0.0,
pump@3.0.0,pump,3.0.0,
end-of-stream@1.0.0,end-of-stream,1.0.0,
fs-constants@1.0.0,fs-constants,1.0.0,
bl@2.0.0,bl,2.0.0,
safe-buffer@5.0.0,safe-buffer,5.0.0,
iconv@2.0.0,iconv,2.0.0,
@types/yauzl@2.9.0,@types/yauzl,2.9.0,
@types/node@12.12.19,@types/node,12.12.19,
@types/events@3.0.0,@types/events,3.0.0,
sequelize@4.13.5,sequelize,4.13.5,
debug@3.0.0,debug,3.0.0,
bluebird@3.0.0,bluebird,3.0.0,
depd@1.0.0,depd,1.0.0,
moment@2.0.0,moment,2.0.0,
inflection@1.0.0,inflection,1.0.0,
cls-bluebird@2.0.0,cls-bluebird,2.0.0,
uuid@3.0.0,uuid,3.0.0,
wkx@0.0.2,wkx,0.0.2,
dottie@2.0.0,dottie,2.0.0,
validator@8.0.0,validator,8.0.0,
shimmer@1.0.0,shimmer,1.0.0,
is-bluebird@1.0.0,is-bluebird,1.0.0,
generic-pool@3.0.0,generic-pool,3.0.0,
moment-timezone@0.0.1,moment-timezone,0.0.1,
retry-as-promised@2.0.0,retry-as-promised,2.0.0,
toposort-class@1.0.0,toposort-class,1.0.0,
terraformer-wkt-parser@1.0.0,terraformer-wkt-parser,1.0.0,
terraformer@0.1.0,terraformer,0.1.0,
passport@0.1.11,passport,0.1.11,
pkginfo@0.2.3,pkginfo,0.2.3,
body-parser@1.8.1,body-parser,1.8.1,
qs@2.0.0,qs,2.0.0,
depd@0.0.0,depd,0.0.0,
bytes@1.0.0,bytes,1.0.0,
raw-body@1.0.0,raw-body,1.0.0,
supports-color@0.2.0,supports-color,0.2.0,
on-finished@2.0.0,on-finished,2.0.0,
media-typer@0.0.0,media-typer,0.0.0,
ee-first@1.0.0,ee-first,1.0.0,
jsonwebtoken@5.0.4,jsonwebtoken,5.0.4,
jws@3.0.0,jws,3.0.0,
jwa@1.0.0,jwa,1.0.0,
base64url@1.0.0,base64url,1.0.0,
meow@2.0.0,meow,2.0.0,
object-assign@1.0.0,object-assign,1.0.0,
base64url@0.0.1,base64url,0.0.1,
buffer-equal-constant-time@1.0.0,buffer-equal-constant-time,1.0.0,
tap@0.0.1,tap,0.0.1,
tap-global-harness@0.0.1,tap-global-harness,0.0.1,
tap-results@0.0.1,tap-results,0.0.1,
yamlish@0.0.3,yamlish,0.0.3,
tap-test@0.0.1,tap-test,0.0.1,
tap-assert@0.0.4,tap-assert,0.0.4,
tap-producer@0.0.1,tap-producer,0.0.1,
tap-harness@0.0.2,tap-harness,0.0.2,
tap-consumer@0.0.1,tap-consumer,0.0.1,
tap-runner@0.0.3,tap-runner,0.0.3,
slide@1.1.1,slide,1.1.1,
ws@1.1.4,ws,1.1.4,
options@0.0.1,options,0.0.1,
ultron@1.0.1,ultron,1.0.1,
got@6.7.0,got,6.7.0,
get-stream@3.0.0,get-stream,3.0.0,
duplexer3@0.1.4,duplexer3,0.1.4,
url-parse-lax@1.0.0,url-parse-lax,1.0.0,
lowercase-keys@1.0.0,lowercase-keys,1.0.0,
unzip-response@2.0.0,unzip-response,2.0.0,
prepend-http@1.0.0,prepend-http,1.0.0,
is-stream@1.0.0,is-stream,1.0.0,
is-redirect@1.0.0,is-redirect,1.0.0,
create-error-class@3.0.0,create-error-class,3.0.0,
is-retry-allowed@1.0.0,is-retry-allowed,1.0.0,
timed-out@4.0.0,timed-out,4.0.0,
capture-stack-trace@1.0.0,capture-stack-trace,1.0.0,
chalk@2.0.1,chalk,2.0.1,
yargs@3.17.1,yargs,3.17.1,
cliui@2.0.0,cliui,2.0.0,
inquirer@6.2.1,inquirer,6.2.1,
strip-ansi@5.0.0,strip-ansi,5.0.0,
ansi-escapes@3.0.0,ansi-escapes,3.0.0,
ansi-regex@4.0.0,ansi-regex,4.0.0,
rxjs@6.0.0,rxjs,6.0.0,
tslib@1.0.0,tslib,1.0.0,
external-editor@3.0.0,external-editor,3.0.0,
chardet@0.0.3,chardet,0.0.3,
rimraf@2.3.4,rimraf,2.3.4,
glob@4.0.0,glob,4.0.0,
typescript@3.0.1,typescript,3.0.1,
rollup@1.8.0,rollup,1.8.0,
acorn@6.0.0,acorn,6.0.0,
@types/node@11.9.0,@types/node,11.9.0,
@types/estree@0.0.28,@types/estree,0.0.28,
babel-loader@6.2.3,babel-loader,6.2.3,
tailwindcss@1.8.11,tailwindcss,1.8.11,
bytes@3.0.0,bytes,3.0.0,
chalk@3.0.0,chalk,3.0.0,
fs-extra@8.0.0,fs-extra,8.0.0,
jsonfile@4.0.0,jsonfile,4.0.0,
color@3.0.0,color,3.0.0,
postcss-js@2.0.0,postcss-js,2.0.0,
camelcase-css@2.0.0,camelcase-css,2.0.0,
detective@5.0.0,detective,5.0.0,
acorn@5.0.0,acorn,5.0.0,
node-emoji@1.0.1,node-emoji,1.0.1,
object-hash@2.0.0,object-hash,2.0.0,
html-tags@3.0.0,html-tags,3.0.0,
color-string@1.0.0,color-string,1.0.0,
acorn5-object-spread@5.0.0,acorn5-object-spread,5.0.0,
defined@1.0.0,defined,1.0.0,
simple-swizzle@0.1.0,simple-swizzle,0.1.0,
autoprefixer@9.0.0,autoprefixer,9.0.0,
postcss-value-parser@4.0.0,postcss-value-parser,4.0.0,
postcss-nested@4.0.0,postcss-nested,4.0.0,
reduce-css-calc@2.0.0,reduce-css-calc,2.0.0,
postcss-selector-parser@6.0.0,postcss-selector-parser,6.0.0,
postcss-selector-parser@3.0.0,postcss-selector-parser,3.0.0,
indexes-of@1.0.0,indexes-of,1.0.0,
dot-prop@4.0.0,dot-prop,4.0.0,
is-obj@1.0.0,is-obj,1.0.0,
postcss-functions@3.0.0,postcss-functions,3.0.0,
pretty-hrtime@1.0.0,pretty-hrtime,1.0.0,
normalize.css@8.0.0,normalize.css,8.0.0,
cssesc@3.0.0,cssesc,3.0.0,
css-unit-converter@1.0.0,css-unit-converter,1.0.0,
uniq@1.0.0,uniq,1.0.0,
@fullhuman/postcss-purgecss@2.0.3,@fullhuman/postcss-purgecss,2.0.3,
purgecss@2.0.2,purgecss,2.0.2,
commander@4.0.0,commander,4.0.0,
vite@2.8.0,vite,2.8.0,
rollup@2.0.0,rollup,2.0.0,
esbuild@0.0.0,esbuild,0.0.0,
prisma@1.26.6,prisma,1.26.6,
fs-extra@7.0.0,fs-extra,7.0.0,
prisma-cli-core@1.0.0,prisma-cli-core,1.0.0,
cross-spawn@5.0.0,cross-spawn,5.0.0,
fs-extra@4.0.0,fs-extra,4.0.0,
shebang-command@1.0.0,shebang-command,1.0.0,
globby@6.0.0,globby,6.0.0,
archiver@2.0.0,archiver,2.0.0,
tar-stream@1.0.0,tar-stream,1.0.0,
bl@0.0.0,bl,0.0.0,
graphcool-inquirer@1.0.0,graphcool-inquirer,1.0.0,
copy-paste@1.0.0,copy-paste,1.0.0,
download-github-repo@0.0.1,download-github-repo,0.0.1,
tar@0.0.1,tar,0.0.1,
graphql@0.0.2,graphql,0.0.2,
prisma-cli-engine@1.0.0,prisma-cli-engine,1.0.0,
ajv@5.0.0,ajv,5.0.0,
charm@1.0.0,charm,1.0.0,
rx-lite-aggregates@4.0.0,rx-lite-aggregates,4.0.0,
array-union@1.0.0,array-union,1.0.0,
archiver-utils@1.0.0,archiver-utils,1.0.0,
normalize-path@2.0.0,normalize-path,2.0.0,
walkdir@0.0.1,walkdir,0.0.1,
rx-lite@4.0.0,rx-lite,4.0.0,
rx-lite@2.5.0,rx-lite,2.5.0,
array-uniq@1.0.0,array-uniq,1.0.0,
zip-stream@1.0.0,zip-stream,1.0.0,
lazystream@0.1.0,lazystream,0.1.0,
wget@0.0.0,wget,0.0.0,
execSync@1.0.2,execSync,1.0.2,
cardinal@1.0.0,cardinal,1.0.0,
compress-commons@1.0.0,compress-commons,1.0.0,
cache-require-paths@0.1.0,cache-require-paths,0.1.0,
temp@0.2.0,temp,0.2.0,
redeyed@1.0.0,redeyed,1.0.0,
ansicolors@0.1.0,ansicolors,0.1.0,
@types/fs-extra@4.0.0,@types/fs-extra,4.0.0,
crc32-stream@1.0.0,crc32-stream,1.0.0,
@heroku/linewrap@1.0.0,@heroku/linewrap,1.0.0,
jsonwebtoken@8.0.0,jsonwebtoken,8.0.0,
lodash.isarray@4.0.0,lodash.isarray,4.0.0,
lodash.includes@4.0.0,lodash.includes,4.0.0,
lodash.once@4.0.0,lodash.once,4.0.0,
lodash.isnumber@3.0.0,lodash.isnumber,3.0.0,
lodash.isboolean@3.0.0,lodash.isboolean,3.0.0,
lodash.isplainobject@4.0.0,lodash.isplainobject,4.0.0,
6to5-runtime@3.0.0,6to5-runtime,3.0.0,
lodash.isstring@4.0.0,lodash.isstring,4.0.0,
klaw-sync@3.0.0,klaw-sync,3.0.0,
isomorphic-fetch@2.0.0,isomorphic-fetch,2.0.0,
node-fetch@1.0.0,node-fetch,1.0.0,
whatwg-fetch@2.0.2,whatwg-fetch,2.0.2,
directory-tree@2.0.0,directory-tree,2.0.0,
lodash.ary@4.0.0,lodash.ary,4.0.0,
lodash.isinteger@4.0.0,lodash.isinteger,4.0.0,
graphql-request@1.0.0,graphql-request,1.0.0,
encoding@0.1.1,encoding,0.1.1,
iconv-lite@0.4.2,iconv-lite,0.4.2,
iconv@2.0.4,iconv,2.0.4,
npm-run@4.0.0,npm-run,4.0.0,
jwt-decode@2.0.0,jwt-decode,2.0.0,
lodash.differenceby@4.0.0,lodash.differenceby,4.0.0,
node-forge@0.1.2,node-forge,0.1.2,
multimatch@2.0.0,multimatch,2.0.0,
lodash.before@4.0.0,lodash.before,4.0.0,
graphql-config@1.0.0,graphql-config,1.0.0,
lodash._createwrapper@4.0.0,lodash._createwrapper,4.0.0,
sync-exec@0.3.0,sync-exec,0.3.0,
npm-path@2.0.0,npm-path,2.0.0,
serializerr@1.0.0,serializerr,1.0.0,
lodash._arrayincludes@4.0.0,lodash._arrayincludes,4.0.0,
lodash._arrayincludeswith@4.0.0,lodash._arrayincludeswith,4.0.0,
lodash._setcache@4.0.0,lodash._setcache,4.0.0,
lodash._baseflatten@4.0.0,lodash._baseflatten,4.0.0,
lodash._cachehas@4.0.0,lodash._cachehas,4.0.0,
lodash._root@3.0.0,lodash._root,3.0.0,
npm-which@2.0.0,npm-which,2.0.0,
npm-path@1.0.0,npm-path,1.0.0,
lodash.merge@3.2.0,lodash.merge,3.2.0,
lodash.isplainobject@3.0.0,lodash.isplainobject,3.0.0,
lodash.keysin@3.0.0,lodash.keysin,3.0.0,
array-differ@1.0.0,array-differ,1.0.0,
marked@0.0.1,marked,0.0.1,
protochain@1.0.0,protochain,1.0.0,
lodash.flatten@4.0.0,lodash.flatten,4.0.0,
lodash.partial@4.0.0,lodash.partial,4.0.0,
lodash._createwrapper@3.0.0,lodash._createwrapper,3.0.0,
lodash.maxby@4.1.1,lodash.maxby,4.1.1,
lodash.identity@3.0.0,lodash.identity,3.0.0,
lodash.uniqby@4.0.0,lodash.uniqby,4.0.0,
lodash.groupby@4.0.0,lodash.groupby,4.0.0,
lodash.result@4.0.0,lodash.result,4.0.0,
lodash.property@4.0.0,lodash.property,4.0.0,
lodash._arrayeach@3.0.0,lodash._arrayeach,3.0.0,
lodash.toplainobject@3.0.0,lodash.toplainobject,3.0.0,
lodash.istypedarray@3.0.0,lodash.istypedarray,3.0.0,
lodash._arraycopy@3.0.0,lodash._arraycopy,3.0.0,
graphql-cli@2.0.0,graphql-cli,2.0.0,
yargs@9.0.0,yargs,9.0.0,
camelcase@4.0.0,camelcase,4.0.0,
os-locale@2.0.0,os-locale,2.0.0,
read-pkg-up@2.0.0,read-pkg-up,2.0.0,
which-module@2.0.0,which-module,2.0.0,
yargs-parser@7.0.0,yargs-parser,7.0.0,
read-pkg@2.0.0,read-pkg,2.0.0,
path-type@2.0.0,path-type,2.0.0,
load-json-file@2.0.0,load-json-file,2.0.0,
ora@1.0.0,ora,1.0.0,
mem@1.0.0,mem,1.0.0,
log-symbols@1.0.0,log-symbols,1.0.0,
cli-spinners@1.0.0,cli-spinners,1.0.0,
execa@0.1.0,execa,0.1.0,
babel@4.0.1,babel,4.0.1,
globals@5.0.0,globals,5.0.0,
tape@3.0.0,tape,3.0.0,
defined@0.0.0,defined,0.0.0,
object-inspect@0.0.0,object-inspect,0.0.0,
lodash.isfunction@3.0.0,lodash.isfunction,3.0.0,
lodash._baseeach@4.0.0,lodash._baseeach,4.0.0,
lodash._basecreate@3.0.0,lodash._basecreate,3.0.0,
lodash.tostring@4.0.0,lodash.tostring,4.0.0,
lodash._replaceholders@3.0.0,lodash._replaceholders,3.0.0,
npm-paths@0.1.1,npm-paths,0.1.1,
disparity@2.0.0,disparity,2.0.0,
is-windows@0.1.0,is-windows,0.1.0,
global-modules@0.1.0,global-modules,0.1.0,
global-prefix@0.1.0,global-prefix,0.1.0,
useragent@2.0.0,useragent,2.0.0,
strip-eof@1.0.0,strip-eof,1.0.0,
cross-spawn-async@2.0.0,cross-spawn-async,2.0.0,
resumer@0.0.0,resumer,0.0.0,
deep-equal@0.0.0,deep-equal,0.0.0,
marked-terminal@2.0.0,marked-terminal,2.0.0,
replaceall@0.0.1,replaceall,0.0.1,
memfs@2.0.1,memfs,2.0.1,
string@1.3.1,string,1.3.1,
scuid@1.0.1,scuid,1.0.1,
raven@2.0.0,raven,2.0.0,
prisma-json-schema@0.0.0,prisma-json-schema,0.0.0,
serialize-error@2.0.0,serialize-error,2.0.0,
rwlockfile@1.0.0,rwlockfile,1.0.0,
json-stringify-safe@5.0.0,json-stringify-safe,5.0.0,
stack-trace@0.0.1,stack-trace,0.0.1,
prisma-yml@1.0.0,prisma-yml,1.0.0,
fs-readdir-recursive@0.0.1,fs-readdir-recursive,0.0.1,
acorn-babel@0.11.1-38,acorn-babel,0.11.1-38,
regenerator-babel@0.8.13-2,regenerator-babel,0.8.13-2,
output-file-sync@1.0.0,output-file-sync,1.0.0,
express-request-proxy@2.0.0,express-request-proxy,2.0.0,
body-parser@1.0.0,body-parser,1.0.0,
graphql-schema-linter@0.0.1,graphql-schema-linter,0.0.1,
graphql-playground-middleware-express@1.0.0,graphql-playground-middleware-express,1.0.0,
js-tokenizer@1.0.0,js-tokenizer,1.0.0,
roadrunner@1.0.0,roadrunner,1.0.0,
url-join@0.0.1,url-join,0.0.1,
through2@2.0.0,through2,2.0.0,
cli-table@0.0.1,cli-table,0.0.1,
fast-extend@0.0.1,fast-extend,0.0.1,
ps-node@0.0.1,ps-node,0.0.1,
lsmod@1.0.0,lsmod,1.0.0,
yaml-ast-parser@0.0.18,yaml-ast-parser,0.0.18,
camel-case@1.0.0,camel-case,1.0.0,
simple-errors@1.0.0,simple-errors,1.0.0,
colors@0.3.0,colors,0.3.0,
update-notifier@2.0.0,update-notifier,2.0.0,
semver-diff@2.0.0,semver-diff,2.0.0,
semver@4.0.0,semver,4.0.0,
xdg-basedir@3.0.0,xdg-basedir,3.0.0,
latest-version@3.0.0,latest-version,3.0.0,
boxen@1.0.0,boxen,1.0.0,
ansi-align@1.0.0,ansi-align,1.0.0,
widest-line@1.0.0,widest-line,1.0.0,
sentence-case@0.0.1,sentence-case,0.0.1,
table@4.0.1,table,4.0.1,
typescript@2.0.0,typescript,2.0.0,
ts-node@3.0.0,ts-node,3.0.0,
string-similarity@1.0.0,string-similarity,1.0.0,
lodash@2.0.0,lodash,2.0.0,
treeify@1.0.0,treeify,1.0.0,
configstore@3.0.0,configstore,3.0.0,
write-file-atomic@1.0.0,write-file-atomic,1.0.0,
lazy-req@2.0.0,lazy-req,2.0.0,
is-npm@1.0.0,is-npm,1.0.0,
cli-boxes@1.0.0,cli-boxes,1.0.0,
package-json@3.0.0,package-json,3.0.0,
got@6.0.0,got,6.0.0,
timed-out@2.0.0,timed-out,2.0.0,
get-stream@1.0.0,get-stream,1.0.0,
unzip-response@1.0.0,unzip-response,1.0.0,
term-size@0.1.0,term-size,0.1.0,
registry-url@3.0.0,registry-url,3.0.0,
is-plain-obj@1.0.0,is-plain-obj,1.0.0,
rc@0.0.1,rc,0.0.1,
sillyname@0.0.1,sillyname,0.0.1,
should@1.0.0,should,1.0.0,
slice-ansi@0.0.2,slice-ansi,0.0.2,
unzip@0.0.1,unzip,0.0.1,
pause@0.0.1,pause,0.0.1,
yn@1.0.0,yn,1.0.0,
tsconfig@6.0.0,tsconfig,6.0.0,
make-error@1.0.0,make-error,1.0.0,
v8flags@2.0.0,v8flags,2.0.0,
unique-string@1.0.0,unique-string,1.0.0,
crypto-random-string@1.0.0,crypto-random-string,1.0.0,
node-status-codes@1.0.0,node-status-codes,1.0.0,
registry-auth-token@3.0.0,registry-auth-token,3.0.0,
rc@1.0.0,rc,1.0.0,
fstream@0.0.0,fstream,0.0.0,
rimraf@1.0.0,rimraf,1.0.0,
pullstream@0.0.1,pullstream,0.0.1,
binary@0.0.1,binary,0.0.1,
over@0.0.1,over,0.0.1,
chainsaw@0.0.1,chainsaw,0.0.1,
stream-buffers@0.1.0,stream-buffers,0.1.0,
@floatdrop/duplexer2@0.1.4,@floatdrop/duplexer2,0.1.4,
vows@0.2.5,vows,0.2.5,
traverse@0.1.2,traverse,0.1.2,
eyes@0.1.1,eyes,0.1.1,
util.promisify@1.0.0,util.promisify,1.0.0,
define-properties@1.0.0,define-properties,1.0.0,
object-keys@1.0.0,object-keys,1.0.0,
object.getownpropertydescriptors@2.0.0,object.getownpropertydescriptors,2.0.0,
foreach@2.0.0,foreach,2.0.0,
es-abstract@1.0.0,es-abstract,1.0.0,
@es-shims/api@1.0.0,@es-shims/api,1.0.0,
tape@4.0.0,tape,4.0.0,
glob@5.0.0,glob,5.0.0,
deep-equal@1.0.0,deep-equal,1.0.0,
object-inspect@1.0.0,object-inspect,1.0.0,
knex@0.7.5,knex,0.7.5,
tildify@1.0.0,tildify,1.0.0,
generic-pool-redux@0.1.0,generic-pool-redux,0.1.0,
liftoff@0.1.0,liftoff,0.1.0,
findup-sync@0.1.0,findup-sync,0.1.0,
lodash@0.1.0,lodash,0.1.0,
redis@0.8.3,redis,0.8.3,
bull@3.4.7,bull,3.4.7,
debuglog@1.0.0,debuglog,1.0.0,
cron-parser@2.0.0,cron-parser,2.0.0,
ioredis@3.0.0,ioredis,3.0.0,
redis-commands@1.0.0,redis-commands,1.0.0,
redis-parser@2.0.0,redis-parser,2.0.0,
flexbuffer@0.0.1,flexbuffer,0.0.1,
cluster-key-slot@1.0.0,cluster-key-slot,1.0.0,
denque@1.0.0,denque,1.0.0,
winston@1.0.1,winston,1.0.1,
eyes@0.1.3,eyes,0.1.3,
async@0.2.6,async,0.2.6,
colors@1.0.2,colors,1.0.2,
stack-trace@0.0.4,stack-trace,0.0.4,
isstream@0.1.0,isstream,0.1.0,
cycle@1.0.1,cycle,1.0.1,
pino@4.8.0,pino,4.8.0,
pump@1.0.0,pump,1.0.0,
split2@2.0.0,split2,2.0.0,
quick-format-unescaped@1.0.0,quick-format-unescaped,1.0.0,
fast-safe-stringify@1.0.0,fast-safe-stringify,1.0.0,
flatstr@1.0.0,flatstr,1.0.0,
fast-json-parse@1.0.0,fast-json-parse,1.0.0,
sharp@0.13.0,sharp,0.13.0,
tar@2.0.0,tar,2.0.0,
color@0.1.0,color,0.1.0,
fstream@1.0.0,fstream,1.0.0,
color-string@1.1.1,color-string,1.1.1,
color-convert@1.1.0,color-convert,1.1.0,
block-stream@0.0.5,block-stream,0.0.5,
multer@0.1.7,multer,0.1.7,
qs@1.0.0,qs,1.0.0,
busboy@0.0.1,busboy,0.0.1,
readable-stream@2.0.3,readable-stream,2.0.3,
dicer@0.1.2,dicer,0.1.2,
streamsearch@0.0.1,streamsearch,0.0.1,
cors@2.2.0,cors,2.2.0,
helmet@0.15.0,helmet,0.15.0,
connect@3.0.0,connect,3.0.0,
nocache@0.1.0,nocache,0.1.0,
helmet-crossdomain@0.1.0,helmet-crossdomain,0.1.0,
hpkp@0.1.0,hpkp,0.1.0,
hide-powered-by@0.1.0,hide-powered-by,0.1.0,
ienoopen@0.1.0,ienoopen,0.1.0,
helmet-csp@0.1.0,helmet-csp,0.1.0,
frameguard@0.1.0,frameguard,0.1.0,
x-xss-protection@0.1.0,x-xss-protection,0.1.0,
hsts@0.1.0,hsts,0.1.0,
dont-sniff-mimetype@0.1.0,dont-sniff-mimetype,0.1.0,
arraywrap@0.1.0,arraywrap,0.1.0,
camelize@1.0.0,camelize,1.0.0,
